orig_idx,SIG_CD,SIG_KOR_NM
0,28110,중구
1,28110,중구
2,11200,성동구
3,11215,광진구
4,11215,광진구
5,11680,강남구
6,11680,강남구
7,11680,강남구
8,11680,강남구
9,11650,서초구
10,11650,서초구
11,11680,강남구
12,11650,서초구
13,11680,강남구
14,11710,송파구
15,11740,강동구
16,11710,송파구
17,11545,금천구
18,11620,관악구
19,11560,영등포구
20,11500,강서구
21,11500,강서구
22,11140,중구
23,11380,은평구
24,11650,서초구
25,11560,영등포구
26,11560,영등포구
27,11560,영등포구
28,11440,마포구
29,11260,중랑구
30,11350,노원구
31,11710,송파구
32,11140,중구
33,11140,중구
34,11140,중구
35,11230,동대문구
36,11290,성북구
37,11650,서초구
38,11140,중구
39,11110,종로구
40,11110,종로구
41,11320,도봉구
42,11410,서대문구
43,11680,강남구
44,41190,부천시
45,26200,영도구
46,26230,부산진구
47,26230,부산진구
48,26350,해운대구
49,27230,북구
50,52113,전주시 덕진구
51,30110,동구
52,48880,거창군
53,27170,서구
54,26320,북구
55,44790,청양군
56,44200,아산시
57,11170,용산구
58,44133,천안시 서북구
59,44131,천안시 동남구
60,44133,천안시 서북구
61,41220,평택시
62,47111,포항시 남구
63,31710,울주군
64,31140,남구
65,31710,울주군
66,31710,울주군
67,30200,유성구
68,43730,옥천군
69,51830,양양군
70,41460,용인시
70,41460,용인시 기흥구
71,41110,수원시 영통구
71,41110,수원시
72,44200,아산시
73,51210,속초시
74,41460,용인시
74,41460,용인시 기흥구
75,41550,안성시
76,43110,청주시
76,43110,청주시 청원구
77,28260,서구
78,28245,계양구
79,44131,천안시 동남구
80,27200,남구
81,26410,금정구
82,50110,제주시
83,50130,서귀포시
84,11590,동작구
85,50110,제주시
86,50110,제주시
87,27260,수성구
88,11170,용산구
89,41290,과천시
90,41130,성남시 분당구
90,41130,성남시
91,44250,계룡시
92,41210,광명시
93,41590,화성시
94,52140,익산시
95,44180,보령시
96,52140,익산시
97,52130,군산시
98,27710,달성군
99,47290,경산시
100,47830,고령군
101,47850,칠곡군
102,41550,안성시
103,47230,영천시
104,43750,진천군
105,43110,청주시 서원구
105,43110,청주시
106,29170,북구
107,52190,남원시
108,52210,김제시
109,48720,의령군
110,48730,함안군
111,26710,기장군
112,48250,김해시
113,46230,광양시
114,46150,순천시
115,44150,공주시
116,48120,창원시
116,48120,창원시 진해구
117,48250,김해시
118,41460,용인시 처인구
118,41460,용인시
119,41270,안산시
119,41270,안산시 상록구
119,41410,군포시
120,41590,화성시
121,44200,아산시
122,41390,시흥시
123,43750,진천군
124,48330,양산시
125,44200,아산시
126,44200,아산시
127,44210,서산시
128,41130,성남시
128,41130,성남시 중원구
129,41450,하남시
130,41360,남양주시
131,41630,양주시
132,47210,영주시
133,51190,태백시
134,44250,계룡시
135,44230,논산시
136,43110,청주시
136,43110,청주시 흥덕구
137,41250,동두천시
138,41630,양주시
139,41150,의정부시
140,41820,가평군
141,47111,포항시 남구
142,46790,화순군
143,41650,포천시
144,47290,경산시
145,46810,강진군
146,47111,포항시 남구
147,47130,경주시
148,51780,철원군
149,51830,양양군
150,51170,동해시
151,43150,제천시
152,11740,강동구
153,41610,광주시
154,41150,의정부시
155,41480,파주시
156,41480,파주시
157,41630,양주시
158,41480,파주시
159,41110,수원시 권선구
159,41110,수원시
160,30200,유성구
161,30110,동구
162,30200,유성구
163,43110,청주시 서원구
163,43110,청주시
164,48740,창녕군
165,27290,달서구
166,48730,함안군
167,47830,고령군
168,27710,달성군
169,27710,달성군
170,27710,달성군
171,41650,포천시
172,41360,남양주시
173,28260,서구
174,48330,양산시
175,26260,동래구
176,26710,기장군
177,29155,남구
178,47850,칠곡군
179,46870,영광군
180,31140,남구
181,31110,중구
182,31140,남구
183,31170,동구
184,31200,북구
185,51150,강릉시
186,41370,오산시
187,41220,평택시
188,41220,평택시
189,41220,평택시
190,41270,안산시 단원구
190,41270,안산시
191,41220,평택시
192,41270,안산시 단원구
192,41270,안산시
193,44133,천안시 서북구
194,41550,안성시
195,51820,고성군
196,27260,수성구
197,26350,해운대구
198,48270,밀양시
199,47820,청도군
200,47111,포항시 남구
201,47130,경주시
202,48850,하동군
203,48840,남해군
204,48870,함양군
205,48820,고성군
206,46820,해남군
207,47280,문경시
208,47250,상주시
209,46820,해남군
210,51170,동해시
211,11440,마포구
212,11440,마포구
213,29200,광산구
214,41430,의왕시
214,41170,안양시 동안구
214,41170,안양시
215,50130,서귀포시
216,11560,영등포구
217,41460,용인시
217,41460,용인시 수지구
218,41220,평택시
219,43130,충주시
220,29200,광산구
221,43130,충주시
222,43770,음성군
223,46880,장성군
224,46830,영암군
225,46110,목포시
226,46170,나주시
227,28185,연수구
228,11140,중구
229,28185,연수구
230,44230,논산시
231,48250,김해시
232,26440,강서구
233,26440,강서구
234,48120,창원시 성산구
234,48120,창원시
235,41130,성남시 분당구
235,41130,성남시
236,11620,관악구
237,41670,여주시
238,11290,성북구
239,28110,중구
240,41670,여주시
241,48310,거제시
242,11380,은평구
243,11500,강서구
244,41360,남양주시
245,41280,고양시 덕양구
245,41280,고양시
246,11380,은평구
247,41130,성남시
247,41130,성남시 수정구
248,11350,노원구
249,47920,봉화군
250,44200,아산시
251,26320,북구
252,27140,동구
253,41410,군포시
254,41390,시흥시
255,11530,구로구
256,46780,보성군
257,46780,보성군
258,41280,고양시 덕양구
258,41280,고양시
259,46230,광양시
260,41190,부천시
261,46150,순천시
262,46770,고흥군
263,46800,장흥군
264,29200,광산구
265,46110,목포시
266,29140,서구
267,11545,금천구
268,43740,영동군
269,11530,구로구
270,46830,영암군
271,46810,강진군
272,29200,광산구
273,27140,동구
274,31200,북구
275,41360,남양주시
276,41280,고양시 덕양구
276,41280,고양시
277,41170,안양시
277,41171,안양시 만안구
278,30170,서구
279,31140,남구
280,36110,세종특별자치시
281,31140,남구
282,44210,서산시
283,46130,여수시
284,26440,강서구
285,41280,고양시 일산서구
285,41280,고양시
286,41570,김포시
287,27290,달서구
288,46820,해남군
289,46900,진도군
290,46910,신안군
291,41550,안성시
292,51190,태백시
293,11170,용산구
294,41410,군포시
295,43770,음성군
296,47290,경산시
297,47230,영천시
298,41590,화성시
299,41590,화성시
300,11440,마포구
301,28260,서구
302,43750,진천군
303,41450,하남시
304,46890,완도군
305,41220,평택시
306,52720,진안군
307,41270,안산시
307,41270,안산시 상록구
308,41150,의정부시
309,51730,횡성군
310,41110,수원시 영통구
310,41110,수원시
311,41480,파주시
312,41270,안산시
312,41270,안산시 상록구
313,41270,안산시
313,41270,안산시 상록구
314,41270,안산시 단원구
314,41270,안산시
315,30140,중구
316,41110,수원시 영통구
316,41110,수원시
317,50130,서귀포시
318,43110,청주시
318,43110,청주시 청원구
319,43110,청주시 상당구
319,43110,청주시
320,43760,괴산군
321,41450,하남시
322,11305,강북구
323,,
324,11710,송파구
325,44200,아산시
326,44133,천안시 서북구
327,48820,고성군
328,51230,삼척시
329,41410,군포시
330,11470,양천구
331,27260,수성구
332,52800,부안군
333,27170,서구
334,27290,달서구
335,44131,천안시 동남구
336,52130,군산시
337,47190,구미시
338,51750,영월군
339,43110,청주시
339,43110,청주시 청원구
340,48740,창녕군
341,52130,군산시
342,36110,세종특별자치시
343,44270,당진시
344,44270,당진시
345,44270,당진시
346,44200,아산시
347,47111,포항시 남구
348,47113,포항시 북구
349,41570,김포시
350,11200,성동구
351,47730,의성군
352,47190,구미시
353,29200,광산구
354,41570,김포시
355,47750,청송군
356,48860,산청군
357,48250,김해시
358,48120,창원시 성산구
358,48120,창원시
359,26530,사상구
360,26290,남구
361,48720,의령군
362,48170,진주시
363,48170,진주시
364,48890,합천군
365,48860,산청군
366,48170,진주시
367,48240,사천시
368,48170,진주시
369,48240,사천시
370,41630,양주시
371,41480,파주시
372,41460,용인시 처인구
372,41460,용인시
373,41820,가평군
374,41280,고양시 덕양구
374,41280,고양시
375,41280,고양시 덕양구
375,41280,고양시
376,41280,고양시 일산서구
376,41280,고양시
377,41800,연천군
378,41480,파주시
379,41480,파주시
380,41460,용인시
380,41460,용인시 수지구
381,28237,부평구
382,36110,세종특별자치시
383,51750,영월군
384,44800,홍성군
385,44210,서산시
386,44180,보령시
387,44150,공주시
388,44800,홍성군
389,44810,예산군
390,31110,중구
391,51150,강릉시
392,51810,인제군
393,51720,홍천군
394,51810,인제군
395,51800,양구군
396,51130,원주시
397,41130,성남시 분당구
397,41130,성남시
398,41130,성남시 분당구
398,41130,성남시
399,41130,성남시 분당구
399,41130,성남시
400,41570,김포시
401,41570,김포시
402,41570,김포시
403,27230,북구
404,41650,포천시
405,41650,포천시
406,51150,강릉시
407,51790,화천군
408,51110,춘천시
409,51110,춘천시
410,51720,홍천군
411,51110,춘천시
412,41800,연천군
413,41650,포천시
414,41650,포천시
415,41590,화성시
416,41590,화성시
417,41590,화성시
418,41590,화성시
419,41590,화성시
420,41590,화성시
421,41590,화성시
422,41590,화성시
423,41390,시흥시
424,41190,부천시
425,41190,부천시
426,41190,부천시
427,44825,태안군
428,41590,화성시
429,44825,태안군
430,41270,안산시 단원구
430,41270,안산시
431,41270,안산시 단원구
431,41270,안산시
432,41270,안산시 단원구
432,41270,안산시
433,,
434,41390,시흥시
435,41390,시흥시
436,41270,안산시 단원구
436,41270,안산시
437,41270,안산시
437,41270,안산시 상록구
438,41390,시흥시
439,41390,시흥시
440,28710,강화군
441,47170,안동시
442,41220,평택시
443,41220,평택시
444,41220,평택시
445,41220,평택시
446,30200,유성구
447,41370,오산시
448,41110,수원시 영통구
448,41110,수원시
449,41280,고양시
449,41280,고양시 일산동구
450,41280,고양시 일산서구
450,41280,고양시
451,41830,양평군
452,41360,남양주시
453,41360,남양주시
454,41830,양평군
455,41830,양평군
456,41310,구리시
457,47770,영덕군
458,41360,남양주시
459,41630,양주시
460,41150,의정부시
461,41150,의정부시
462,47750,청송군
463,47170,안동시
464,41460,용인시
464,41460,용인시 기흥구
465,41460,용인시
465,41460,용인시 수지구
466,41460,용인시 처인구
466,41460,용인시
467,41460,용인시
467,41460,용인시 기흥구
468,41460,용인시
468,41460,용인시 기흥구
469,41110,수원시 권선구
469,41110,수원시
470,41430,의왕시
471,41110,수원시
471,41110,수원시 장안구
472,41460,용인시
472,41460,용인시 기흥구
473,41170,안양시 동안구
473,41170,안양시
474,41550,안성시
475,41500,이천시
476,41610,광주시
477,41130,성남시
477,41130,성남시 수정구
477,41130,성남시 중원구
478,41500,이천시
479,41500,이천시
480,44270,당진시
481,44760,부여군
482,44760,부여군
483,44710,금산군
484,44710,금산군
485,44270,당진시
486,44210,서산시
487,48120,창원시 성산구
487,48120,창원시
488,48120,창원시
488,48120,창원시 의창구
489,48120,창원시
489,48120,창원시 진해구
490,48120,창원시 성산구
490,48120,창원시
491,48120,창원시 성산구
491,48120,창원시
492,48120,창원시 성산구
492,48120,창원시
493,48120,창원시
493,48120,창원시 의창구
494,30170,서구
495,30110,동구
496,48120,창원시 성산구
496,48120,창원시
497,44810,예산군
498,44770,서천군
499,26230,부산진구
500,48220,통영시
501,48120,창원시 마산합포구
501,48120,창원시
502,48240,사천시
503,48220,통영시
504,48310,거제시
505,48170,진주시
506,48250,김해시
507,48270,밀양시
508,48120,창원시
508,48120,창원시 마산회원구
509,48120,창원시 마산합포구
509,48120,창원시
510,48120,창원시
510,48120,창원시 마산회원구
511,48270,밀양시
512,48120,창원시 성산구
512,48120,창원시
513,47230,영천시
514,47130,경주시
515,47130,경주시
516,47113,포항시 북구
517,47111,포항시 남구
518,47130,경주시
519,47130,경주시
520,48730,함안군
521,47113,포항시 북구
522,47150,김천시
523,47150,김천시
524,47190,구미시
525,47150,김천시
526,47150,김천시
527,47190,구미시
528,27710,달성군
529,27230,북구
530,47830,고령군
531,27290,달서구
532,27710,달성군
533,27710,달성군
534,47113,포항시 북구
535,47111,포항시 남구
536,47130,경주시
537,47130,경주시
538,47290,경산시
539,47290,경산시
540,47290,경산시
541,47850,칠곡군
542,47170,안동시
543,47930,울진군
544,47930,울진군
545,47900,예천군
546,47210,영주시
547,47280,문경시
548,47250,상주시
549,47190,구미시
550,47730,의성군
551,47190,구미시
552,47190,구미시
553,27720,군위군
554,47190,구미시
555,47190,구미시
556,27290,달서구
557,27710,달성군
558,27290,달서구
559,27290,달서구
560,27230,북구
561,27110,중구
562,27230,북구
563,28177,미추홀구
564,28237,부평구
565,28177,미추홀구
566,28140,동구
567,28140,동구
568,28260,서구
569,28200,남동구
570,28110,중구
571,28110,중구
572,28110,중구
573,28185,연수구
573,28200,남동구
574,28260,서구
575,28260,서구
576,28260,서구
577,28237,부평구
578,27140,동구
579,27230,북구
580,27230,북구
581,46130,여수시
582,46150,순천시
583,46130,여수시
584,46230,광양시
585,46150,순천시
586,29110,동구
587,29170,북구
588,29170,북구
589,29170,북구
590,29140,서구
591,29140,서구
592,46720,곡성군
593,46730,구례군
594,46170,나주시
595,28200,남동구
596,28200,남동구
597,28185,연수구
598,28185,연수구
599,28200,남동구
600,28200,남동구
601,28200,남동구
602,28110,중구
603,46130,여수시
604,46710,담양군
605,46830,영암군
606,46860,함평군
607,46840,무안군
608,46790,화순군
609,51760,평창군
610,51760,평창군
611,51760,평창군
612,51760,평창군
613,51230,삼척시
614,51130,원주시
615,51130,원주시
616,51130,원주시
617,51130,원주시
618,51730,횡성군
619,52730,무주군
620,52130,군산시
621,52130,군산시
622,52111,전주시 완산구
623,52113,전주시 덕진구
624,52750,임실군
625,52190,남원시
626,52210,김제시
627,52130,군산시
628,52130,군산시
629,52790,고창군
630,52180,정읍시
631,51130,원주시
632,51170,동해시
633,51770,정선군
634,51770,정선군
635,51230,삼척시
636,43760,괴산군
637,43770,음성군
638,52111,전주시 완산구
639,52180,정읍시
640,52740,장수군
641,52140,익산시
642,52140,익산시
643,52710,완주군
644,52710,완주군
645,43800,단양군
646,43770,음성군
647,43110,청주시
647,43110,청주시 흥덕구
648,43110,청주시
648,43110,청주시 흥덕구
649,43110,청주시
649,43110,청주시 청원구
650,43110,청주시 서원구
650,43110,청주시
651,43130,충주시
652,43130,충주시
653,43110,청주시
653,43110,청주시 흥덕구
654,43110,청주시
654,43110,청주시 흥덕구
655,43720,보은군
656,41550,안성시
657,43750,진천군
658,43150,제천시
659,43760,괴산군
660,43150,제천시
661,43730,옥천군
662,30230,대덕구
663,30170,서구
664,30230,대덕구
665,31710,울주군
666,31140,남구
667,31710,울주군
668,31710,울주군
669,31710,울주군
670,31710,울주군
671,31710,울주군
672,50110,제주시
673,30110,동구
674,30230,대덕구
675,46130,여수시
676,52113,전주시 덕진구
677,52210,김제시
678,36110,세종특별자치시
679,36110,세종특별자치시
680,50130,서귀포시
681,50130,서귀포시
682,50110,제주시
683,48120,창원시
683,48120,창원시 마산회원구
684,11710,송파구
685,11650,서초구
686,41480,파주시
687,26470,연제구
688,44270,당진시
689,41590,화성시
690,44133,천안시 서북구
691,44200,아산시
692,43110,청주시
692,43110,청주시 흥덕구
693,11680,강남구
694,28710,강화군
695,11230,동대문구
696,29200,광산구
697,11650,서초구
698,44210,서산시
699,26410,금정구
700,26350,해운대구
701,11530,구로구
702,11500,강서구
703,11200,성동구
704,11200,성동구
705,11200,성동구
706,11215,광진구
707,11215,광진구
708,11680,강남구
709,11650,서초구
710,11680,강남구
711,11710,송파구
712,11740,강동구
713,11545,금천구
714,11620,관악구
715,11470,양천구
716,11470,양천구
717,11530,구로구
718,11590,동작구
719,11110,종로구
720,11410,서대문구
721,11260,중랑구
722,11350,노원구
723,11320,도봉구
724,11170,용산구
725,41610,광주시
726,11560,영등포구
727,11560,영등포구
728,11110,종로구
729,11110,종로구
730,11230,동대문구
731,29200,광산구
732,52140,익산시
733,52180,정읍시
734,48120,창원시
734,48120,창원시 의창구
735,36110,세종특별자치시
736,41370,오산시
737,41170,안양시 동안구
737,41170,안양시
738,41390,시흥시
739,41270,안산시
739,41270,안산시 상록구
740,31140,남구
741,36110,세종특별자치시
742,26440,강서구
743,26140,서구
744,26170,동구
745,26170,동구
746,26290,남구
747,26530,사상구
748,26530,사상구
749,26530,사상구
750,26470,연제구
751,26710,기장군
752,26410,금정구
753,27140,동구
