sido_code,sido_name,gugun_code,gugun_name,station_count,capacity_mw,generation_mwh,station_count_ratio_pct,capacity_ratio_pct,generation_ratio_pct,collected_at
11,서울특별시,11110,종로구,5,0,214,0.9,0.4,0.4,2026-02-14T23:08:21.279293
11,서울특별시,11140,중구,7,0,179,1.2,0.3,0.3,2026-02-14T23:08:21.279293
11,서울특별시,11170,용산구,3,0,110,0.5,0.2,0.2,2026-02-14T23:08:21.279293
11,서울특별시,11200,성동구,15,4,"5,183",2.6,8.5,9.2,2026-02-14T23:08:21.279293
11,서울특별시,11215,광진구,38,3,"2,955",6.7,6.4,5.2,2026-02-14T23:08:21.279293
11,서울특별시,11230,동대문구,25,1,786,4.4,1.5,1.4,2026-02-14T23:08:21.279293
11,서울특별시,11260,중랑구,30,3,"3,414",5.3,5.9,6.1,2026-02-14T23:08:21.279293
11,서울특별시,11290,성북구,26,1,609,4.6,1.3,1.1,2026-02-14T23:08:21.279293
11,서울특별시,11305,강북구,24,1,919,4.2,2.1,1.6,2026-02-14T23:08:21.279293
11,서울특별시,11320,도봉구,30,1,"1,249",5.3,2.3,2.2,2026-02-14T23:08:21.279293
11,서울특별시,11350,노원구,33,3,"2,434",5.8,5.1,4.3,2026-02-14T23:08:21.279293
11,서울특별시,11380,은평구,26,1,"1,120",4.6,1.9,2,2026-02-14T23:08:21.279293
11,서울특별시,11410,서대문구,17,1,769,3,1.3,1.4,2026-02-14T23:08:21.279293
11,서울특별시,11440,마포구,9,0,362,1.6,0.6,0.6,2026-02-14T23:08:21.279293
11,서울특별시,11470,양천구,13,1,632,2.3,1.1,1.1,2026-02-14T23:08:21.279293
11,서울특별시,11500,강서구,32,10,"11,166",5.6,18.9,19.8,2026-02-14T23:08:21.279293
11,서울특별시,11530,구로구,31,2,"1,878",5.4,3.8,3.3,2026-02-14T23:08:21.279293
11,서울특별시,11545,금천구,24,1,"1,232",4.2,2.2,2.2,2026-02-14T23:08:21.279293
11,서울특별시,11560,영등포구,19,1,792,3.3,1.7,1.4,2026-02-14T23:08:21.279293
11,서울특별시,11590,동작구,17,0,537,3,0.9,1,2026-02-14T23:08:21.279293
11,서울특별시,11620,관악구,26,1,988,4.6,1.7,1.8,2026-02-14T23:08:21.279293
11,서울특별시,11650,서초구,24,2,"1,455",4.2,3,2.6,2026-02-14T23:08:21.279293
11,서울특별시,11680,강남구,25,2,"2,727",4.4,4.6,4.8,2026-02-14T23:08:21.279293
11,서울특별시,11710,송파구,35,4,"4,146",6.1,7,7.4,2026-02-14T23:08:21.279293
11,서울특별시,11740,강동구,37,9,"10,437",6.5,17.1,18.5,2026-02-14T23:08:21.279293
26,부산광역시,26110,중구,8,0,391,0.5,0.1,0.2,2026-02-14T23:08:21.279293
26,부산광역시,26140,서구,6,0,367,0.4,0.1,0.2,2026-02-14T23:08:21.279293
26,부산광역시,26170,동구,8,1,"1,188",0.5,0.3,0.5,2026-02-14T23:08:21.279293
26,부산광역시,26200,영도구,11,1,438,0.7,0.2,0.2,2026-02-14T23:08:21.279293
26,부산광역시,26230,부산진구,16,4,615,1.1,1.3,0.3,2026-02-14T23:08:21.279293
26,부산광역시,26260,동래구,20,1,839,1.3,0.2,0.3,2026-02-14T23:08:21.279293
26,부산광역시,26290,남구,14,6,"5,361",0.9,1.9,2.2,2026-02-14T23:08:21.279293
26,부산광역시,26320,북구,13,2,"1,981",0.9,0.5,0.8,2026-02-14T23:08:21.279293
26,부산광역시,26350,해운대구,20,1,"1,553",1.3,0.4,0.6,2026-02-14T23:08:21.279293
26,부산광역시,26380,사하구,99,18,"14,350",6.6,5.3,6,2026-02-14T23:08:21.279293
26,부산광역시,26410,금정구,41,7,"8,716",2.7,2.3,3.6,2026-02-14T23:08:21.279293
26,부산광역시,26440,강서구,916,225,"162,860",61.3,68.1,67.9,2026-02-14T23:08:21.279293
26,부산광역시,26470,연제구,6,0,283,0.4,0.1,0.1,2026-02-14T23:08:21.279293
26,부산광역시,26500,수영구,5,0,198,0.3,0.1,0.1,2026-02-14T23:08:21.279293
26,부산광역시,26530,사상구,71,5,"2,956",4.8,1.5,1.2,2026-02-14T23:08:21.279293
26,부산광역시,26710,기장군,240,58,"37,794",16.1,17.6,15.8,2026-02-14T23:08:21.279293
27,대구광역시,27110,중구,14,0,288,0.4,0.1,0.1,2026-02-14T23:08:21.279293
27,대구광역시,27140,동구,248,22,"14,423",6.7,4.3,4.1,2026-02-14T23:08:21.279293
27,대구광역시,27170,서구,232,20,"6,315",6.2,3.9,1.8,2026-02-14T23:08:21.279293
27,대구광역시,27200,남구,32,1,681,0.9,0.1,0.2,2026-02-14T23:08:21.279293
27,대구광역시,27230,북구,481,44,"19,785",12.9,8.7,5.6,2026-02-14T23:08:21.279293
27,대구광역시,27260,수성구,55,2,"2,469",1.5,0.5,0.7,2026-02-14T23:08:21.279293
27,대구광역시,27290,달서구,787,104,"50,738",21.1,20.6,14.4,2026-02-14T23:08:21.279293
27,대구광역시,27710,달성군,"1,053",166,"94,508",28.3,32.9,26.8,2026-02-14T23:08:21.279293
27,대구광역시,27720,군위군,822,146,"163,279",22.1,28.9,46.3,2026-02-14T23:08:21.279293
28,인천광역시,28110,중구,89,27,"20,794",6.8,14.1,15.6,2026-02-14T23:08:21.279293
28,인천광역시,28140,동구,6,1,764,0.5,0.6,0.6,2026-02-14T23:08:21.279293
28,인천광역시,28177,미추홀구,34,3,"1,346",2.6,1.4,1,2026-02-14T23:08:21.279293
28,인천광역시,28185,연수구,19,2,"2,891",1.4,1.2,2.2,2026-02-14T23:08:21.279293
28,인천광역시,28200,남동구,121,20,"14,454",9.2,10.8,10.9,2026-02-14T23:08:21.279293
28,인천광역시,28237,부평구,29,2,"1,900",2.2,1.3,1.4,2026-02-14T23:08:21.279293
28,인천광역시,28245,계양구,29,4,"3,270",2.2,1.9,2.5,2026-02-14T23:08:21.279293
28,인천광역시,28260,서구,465,76,"44,125",35.4,40.2,33.2,2026-02-14T23:08:21.279293
28,인천광역시,28710,강화군,488,39,"28,908",37.1,20.9,21.7,2026-02-14T23:08:21.279293
28,인천광역시,28720,옹진군,35,14,"14,487",2.7,7.4,10.9,2026-02-14T23:08:21.279293
29,광주광역시,29110,동구,41,7,"6,704",1.6,1.7,2.2,2026-02-14T23:08:21.279293
29,광주광역시,29140,서구,244,22,"20,626",9.6,5.6,6.7,2026-02-14T23:08:21.279293
29,광주광역시,29155,남구,115,14,"8,536",4.5,3.5,2.8,2026-02-14T23:08:21.279293
29,광주광역시,29170,북구,535,60,"45,612",21.1,15,14.8,2026-02-14T23:08:21.279293
29,광주광역시,29200,광산구,"1,599",295,"226,126",63.1,74.2,73.5,2026-02-14T23:08:21.279293
30,대전광역시,30110,동구,139,10,"6,143",17,13.9,11,2026-02-14T23:08:21.279293
30,대전광역시,30140,중구,87,4,"3,479",10.6,5.9,6.2,2026-02-14T23:08:21.279293
30,대전광역시,30170,서구,143,6,"5,119",17.5,7.8,9.2,2026-02-14T23:08:21.279293
30,대전광역시,30200,유성구,184,22,"17,726",22.5,29.9,31.8,2026-02-14T23:08:21.279293
30,대전광역시,30230,대덕구,266,31,"23,321",32.5,42.4,41.8,2026-02-14T23:08:21.279293
31,울산광역시,31110,중구,14,0,375,1.4,0.2,0.3,2026-02-14T23:08:21.279293
31,울산광역시,31140,남구,102,25,"15,805",10.4,13.3,13.7,2026-02-14T23:08:21.279293
31,울산광역시,31170,동구,26,1,545,2.6,0.8,0.5,2026-02-14T23:08:21.279293
31,울산광역시,31200,북구,220,54,"20,365",22.4,28.6,17.7,2026-02-14T23:08:21.279293
31,울산광역시,31710,울주군,621,108,"77,889",63.2,57.2,67.7,2026-02-14T23:08:21.279293
36,세종특별자치시,36110,세종시,696,98,"79,051",100,100,100,2026-02-14T23:08:21.279293
41,경기도,41110,수원시,155,14,"10,606",0.8,0.6,0.6,2026-02-14T23:08:21.279293
41,경기도,41130,성남시,38,4,"4,266",0.2,0.2,0.3,2026-02-14T23:08:21.279293
41,경기도,41150,의정부시,47,7,"6,260",0.2,0.3,0.4,2026-02-14T23:08:21.279293
41,경기도,41170,안양시,29,2,"1,630",0.1,0.1,0.1,2026-02-14T23:08:21.279293
41,경기도,41190,부천시,31,2,"2,330",0.2,0.1,0.1,2026-02-14T23:08:21.279293
41,경기도,41210,광명시,31,4,"4,462",0.2,0.2,0.3,2026-02-14T23:08:21.279293
41,경기도,41220,평택시,"1,241",162,"101,973",6.2,7,6.1,2026-02-14T23:08:21.279293
41,경기도,41250,동두천시,105,13,"8,086",0.5,0.5,0.5,2026-02-14T23:08:21.279293
41,경기도,41270,안산시,458,61,"38,868",2.3,2.6,2.3,2026-02-14T23:08:21.279293
41,경기도,41280,고양시,502,45,"33,372",2.5,1.9,2,2026-02-14T23:08:21.279293
41,경기도,41290,과천시,3,0,272,0,0,0,2026-02-14T23:08:21.279293
41,경기도,41310,구리시,19,1,"1,219",0.1,0.1,0.1,2026-02-14T23:08:21.279293
41,경기도,41360,남양주시,346,34,"22,766",1.7,1.4,1.4,2026-02-14T23:08:21.279293
41,경기도,41370,오산시,72,10,"8,061",0.4,0.4,0.5,2026-02-14T23:08:21.279293
41,경기도,41390,시흥시,458,67,"36,679",2.3,2.9,2.2,2026-02-14T23:08:21.279293
41,경기도,41410,군포시,27,10,"2,112",0.1,0.4,0.1,2026-02-14T23:08:21.279293
41,경기도,41430,의왕시,17,1,"1,644",0.1,0.1,0.1,2026-02-14T23:08:21.279293
41,경기도,41450,하남시,51,4,"3,831",0.3,0.2,0.2,2026-02-14T23:08:21.279293
41,경기도,41460,용인시,510,54,"39,338",2.6,2.3,2.4,2026-02-14T23:08:21.279293
41,경기도,41480,파주시,"1,345",141,"88,047",6.8,6.1,5.3,2026-02-14T23:08:21.279293
41,경기도,41500,이천시,"1,346",181,"157,983",6.8,7.8,9.5,2026-02-14T23:08:21.279293
41,경기도,41550,안성시,"2,097",246,"174,147",10.5,10.6,10.5,2026-02-14T23:08:21.279293
41,경기도,41570,김포시,"1,430",125,"63,816",7.2,5.4,3.8,2026-02-14T23:08:21.279293
41,경기도,41590,화성시,"2,941",318,"230,340",14.8,13.7,13.8,2026-02-14T23:08:21.279293
41,경기도,41610,광주시,556,55,"36,219",2.8,2.4,2.2,2026-02-14T23:08:21.279293
41,경기도,41630,양주시,674,64,"33,432",3.4,2.8,2,2026-02-14T23:08:21.279293
41,경기도,41650,포천시,"1,757",205,"115,949",8.8,8.8,7,2026-02-14T23:08:21.279293
41,경기도,41670,여주시,"1,610",202,"183,717",8.1,8.7,11,2026-02-14T23:08:21.279293
41,경기도,41800,연천군,976,210,"184,497",4.9,9,11.1,2026-02-14T23:08:21.279293
41,경기도,41820,가평군,407,43,"40,742",2,1.9,2.4,2026-02-14T23:08:21.279293
41,경기도,41830,양평군,600,36,"28,447",3,1.5,1.7,2026-02-14T23:08:21.279293
43,충청북도,43110,청주시,"3,442",381,"277,357",22.6,21.5,18,2026-02-14T23:08:21.279293
43,충청북도,43130,충주시,"1,712",180,"162,596",11.2,10.2,10.5,2026-02-14T23:08:21.279293
43,충청북도,43150,제천시,"1,081",118,"105,676",7.1,6.6,6.8,2026-02-14T23:08:21.279293
43,충청북도,43720,보은군,"1,210",140,"160,859",7.9,7.9,10.4,2026-02-14T23:08:21.279293
43,충청북도,43730,옥천군,"1,613",164,"163,522",10.6,9.3,10.6,2026-02-14T23:08:21.279293
43,충청북도,43740,영동군,"1,076",114,"110,548",7.1,6.4,7.2,2026-02-14T23:08:21.279293
43,충청북도,43745,증평군,406,39,"34,011",2.7,2.2,2.2,2026-02-14T23:08:21.279293
43,충청북도,43750,진천군,"1,085",150,"127,746",7.1,8.5,8.3,2026-02-14T23:08:21.279293
43,충청북도,43760,괴산군,"1,262",149,"132,591",8.3,8.4,8.6,2026-02-14T23:08:21.279293
43,충청북도,43770,음성군,"1,784",247,"190,046",11.7,13.9,12.3,2026-02-14T23:08:21.279293
43,충청북도,43800,단양군,552,92,"77,790",3.6,5.2,5,2026-02-14T23:08:21.279293
44,충청남도,44130,천안시,"2,435",293,"178,350",9.5,7,5.1,2026-02-14T23:08:21.279293
44,충청남도,44150,공주시,"2,103",210,"213,921",8.2,5,6.1,2026-02-14T23:08:21.279293
44,충청남도,44180,보령시,"1,448",206,"225,553",5.7,4.9,6.5,2026-02-14T23:08:21.279293
44,충청남도,44200,아산시,"1,892",267,"221,690",7.4,6.4,6.4,2026-02-14T23:08:21.279293
44,충청남도,44210,서산시,"1,746",535,"430,480",6.8,12.8,12.4,2026-02-14T23:08:21.279293
44,충청남도,44230,논산시,"3,367",353,"401,590",13.2,8.4,11.5,2026-02-14T23:08:21.279293
44,충청남도,44250,계룡시,49,4,774,0.2,0.1,0,2026-02-14T23:08:21.279293
44,충청남도,44270,당진시,"1,988",480,"299,745",7.8,11.5,8.6,2026-02-14T23:08:21.279293
44,충청남도,44710,금산군,"1,788",211,"219,485",7,5,6.3,2026-02-14T23:08:21.279293
44,충청남도,44760,부여군,"1,830",249,"280,772",7.1,6,8.1,2026-02-14T23:08:21.279293
44,충청남도,44770,서천군,"1,807",197,"226,097",7.1,4.7,6.5,2026-02-14T23:08:21.279293
44,충청남도,44790,청양군,758,71,"69,682",3,1.7,2,2026-02-14T23:08:21.279293
44,충청남도,44800,홍성군,"1,427",190,"203,590",5.6,4.6,5.8,2026-02-14T23:08:21.279293
44,충청남도,44810,예산군,"1,939",215,"170,996",7.6,5.1,4.9,2026-02-14T23:08:21.279293
44,충청남도,44825,태안군,"1,019",698,"342,919",4,16.7,9.8,2026-02-14T23:08:21.279293
46,전라남도,46110,목포시,448,68,"75,383",1.6,1.1,1.2,2026-02-14T23:08:21.279293
46,전라남도,46130,여수시,815,112,"109,164",3,1.8,1.7,2026-02-14T23:08:21.279293
46,전라남도,46150,순천시,"1,775",301,"304,265",6.4,4.8,4.8,2026-02-14T23:08:21.279293
46,전라남도,46170,나주시,"2,853",472,"467,411",10.3,7.5,7.3,2026-02-14T23:08:21.279293
46,전라남도,46230,광양시,934,203,"196,196",3.4,3.2,3.1,2026-02-14T23:08:21.279293
46,전라남도,46710,담양군,"1,067",101,"58,416",3.9,1.6,0.9,2026-02-14T23:08:21.279293
46,전라남도,46720,곡성군,663,82,"87,558",2.4,1.3,1.4,2026-02-14T23:08:21.279293
46,전라남도,46730,구례군,225,20,"18,199",0.8,0.3,0.3,2026-02-14T23:08:21.279293
46,전라남도,46770,고흥군,"2,146",541,"578,640",7.8,8.6,9.1,2026-02-14T23:08:21.279293
46,전라남도,46780,보성군,"1,065",204,"186,523",3.9,3.3,2.9,2026-02-14T23:08:21.279293
46,전라남도,46790,화순군,"1,470",206,"216,780",5.3,3.3,3.4,2026-02-14T23:08:21.279293
46,전라남도,46800,장흥군,"1,155",154,"150,783",4.2,2.5,2.4,2026-02-14T23:08:21.279293
46,전라남도,46810,강진군,"1,302",216,"262,549",4.7,3.4,4.1,2026-02-14T23:08:21.279293
46,전라남도,46820,해남군,"2,420",627,"783,684",8.8,10,12.3,2026-02-14T23:08:21.279293
46,전라남도,46830,영암군,"2,498",549,"573,787",9,8.8,9,2026-02-14T23:08:21.279293
46,전라남도,46840,무안군,"1,385",337,"391,284",5,5.4,6.1,2026-02-14T23:08:21.279293
46,전라남도,46860,함평군,"1,010",143,"115,622",3.7,2.3,1.8,2026-02-14T23:08:21.279293
46,전라남도,46870,영광군,"1,049",564,"478,620",3.8,9,7.5,2026-02-14T23:08:21.279293
46,전라남도,46880,장성군,"1,121",157,"154,936",4.1,2.5,2.4,2026-02-14T23:08:21.279293
46,전라남도,46890,완도군,882,92,"103,533",3.2,1.5,1.6,2026-02-14T23:08:21.279293
46,전라남도,46900,진도군,783,118,"127,560",2.8,1.9,2,2026-02-14T23:08:21.279293
46,전라남도,46910,신안군,559,995,"942,071",2,15.9,14.8,2026-02-14T23:08:21.279293
47,경상북도,47110,포항시,850,146,"107,568",2.7,3.4,2.8,2026-02-14T23:08:21.279293
47,경상북도,47130,경주시,"1,952",293,"181,404",6.2,6.8,4.8,2026-02-14T23:08:21.279293
47,경상북도,47150,김천시,"2,286",323,"287,538",7.2,7.6,7.6,2026-02-14T23:08:21.279293
47,경상북도,47170,안동시,"2,652",348,"276,110",8.4,8.1,7.3,2026-02-14T23:08:21.279293
47,경상북도,47190,구미시,"2,208",272,"261,409",7,6.4,6.9,2026-02-14T23:08:21.279293
47,경상북도,47210,영주시,"1,769",220,"218,070",5.6,5.2,5.7,2026-02-14T23:08:21.279293
47,경상북도,47230,영천시,"2,294",287,"213,664",7.3,6.7,5.6,2026-02-14T23:08:21.279293
47,경상북도,47250,상주시,"3,188",477,"527,294",10.1,11.2,13.9,2026-02-14T23:08:21.279293
47,경상북도,47280,문경시,"1,140",150,"147,369",3.6,3.5,3.9,2026-02-14T23:08:21.279293
47,경상북도,47290,경산시,"1,894",238,"155,006",6,5.6,4.1,2026-02-14T23:08:21.279293
47,경상북도,47730,의성군,"1,844",318,"356,027",5.8,7.4,9.4,2026-02-14T23:08:21.279293
47,경상북도,47750,청송군,452,36,"42,249",1.4,0.8,1.1,2026-02-14T23:08:21.279293
47,경상북도,47760,영양군,902,140,"155,260",2.9,3.3,4.1,2026-02-14T23:08:21.279293
47,경상북도,47770,영덕군,968,170,"167,701",3.1,4,4.4,2026-02-14T23:08:21.279293
47,경상북도,47820,청도군,671,58,"38,614",2.1,1.4,1,2026-02-14T23:08:21.279293
47,경상북도,47830,고령군,755,75,"48,234",2.4,1.7,1.3,2026-02-14T23:08:21.279293
47,경상북도,47840,성주군,"1,080",121,"100,481",3.4,2.8,2.6,2026-02-14T23:08:21.279293
47,경상북도,47850,칠곡군,"1,622",189,"134,115",5.1,4.4,3.5,2026-02-14T23:08:21.279293
47,경상북도,47900,예천군,"1,982",254,"214,358",6.3,5.9,5.6,2026-02-14T23:08:21.279293
47,경상북도,47920,봉화군,951,145,"152,272",3,3.4,4,2026-02-14T23:08:21.279293
47,경상북도,47930,울진군,120,17,"18,455",0.4,0.4,0.5,2026-02-14T23:08:21.279293
48,경상남도,48120,창원시,955,205,"141,410",5.9,9,7.3,2026-02-14T23:08:21.279293
48,경상남도,48170,진주시,"1,224",158,"97,299",7.6,7,5,2026-02-14T23:08:21.279293
48,경상남도,48220,통영시,146,27,"28,262",0.9,1.2,1.5,2026-02-14T23:08:21.279293
48,경상남도,48240,사천시,934,135,"122,613",5.8,5.9,6.3,2026-02-14T23:08:21.279293
48,경상남도,48250,김해시,"1,635",221,"120,613",10.1,9.7,6.2,2026-02-14T23:08:21.279293
48,경상남도,48270,밀양시,"1,240",127,"92,429",7.7,5.6,4.8,2026-02-14T23:08:21.279293
48,경상남도,48310,거제시,248,14,"9,785",1.5,0.6,0.5,2026-02-14T23:08:21.279293
48,경상남도,48330,양산시,413,61,"36,677",2.6,2.7,1.9,2026-02-14T23:08:21.279293
48,경상남도,48720,의령군,492,117,"112,082",3.1,5.1,5.8,2026-02-14T23:08:21.279293
48,경상남도,48730,함안군,952,143,"87,432",5.9,6.3,4.5,2026-02-14T23:08:21.279293
48,경상남도,48740,창녕군,860,150,"107,683",5.3,6.6,5.6,2026-02-14T23:08:21.279293
48,경상남도,48820,고성군,623,99,"86,190",3.9,4.4,4.4,2026-02-14T23:08:21.279293
48,경상남도,48840,남해군,"1,091",88,"78,948",6.8,3.9,4.1,2026-02-14T23:08:21.279293
48,경상남도,48850,하동군,"1,270",163,"186,257",7.9,7.2,9.6,2026-02-14T23:08:21.279293
48,경상남도,48860,산청군,672,93,"107,572",4.2,4.1,5.5,2026-02-14T23:08:21.279293
48,경상남도,48870,함양군,770,84,"87,665",4.8,3.7,4.5,2026-02-14T23:08:21.279293
48,경상남도,48880,거창군,"1,214",161,"166,959",7.5,7.1,8.6,2026-02-14T23:08:21.279293
48,경상남도,48890,합천군,"1,387",228,"270,113",8.6,10,13.9,2026-02-14T23:08:21.279293
50,제주특별자치도,50110,제주시,"1,075",282,"285,533",54.2,41.7,44,2026-02-14T23:08:21.279293
50,제주특별자치도,50130,서귀포시,907,394,"363,191",45.8,58.3,56,2026-02-14T23:08:21.279293
51,강원특별자치도,51110,춘천시,810,98,"80,016",6.9,4.8,4,2026-02-14T23:08:21.279293
51,강원특별자치도,51130,원주시,"1,561",192,"164,783",13.3,9.4,8.2,2026-02-14T23:08:21.279293
51,강원특별자치도,51150,강릉시,707,112,"129,139",6,5.5,6.4,2026-02-14T23:08:21.279293
51,강원특별자치도,51170,동해시,117,26,"27,831",1,1.3,1.4,2026-02-14T23:08:21.279293
51,강원특별자치도,51190,태백시,137,70,"85,713",1.2,3.4,4.2,2026-02-14T23:08:21.279293
51,강원특별자치도,51210,속초시,79,6,"6,454",0.7,0.3,0.3,2026-02-14T23:08:21.279293
51,강원특별자치도,51230,삼척시,483,155,"131,968",4.1,7.6,6.5,2026-02-14T23:08:21.279293
51,강원특별자치도,51720,홍천군,"1,613",190,"173,650",13.7,9.3,8.6,2026-02-14T23:08:21.279293
51,강원특별자치도,51730,횡성군,811,104,"77,885",6.9,5.1,3.9,2026-02-14T23:08:21.279293
51,강원특별자치도,51750,영월군,510,128,"140,919",4.3,6.3,7,2026-02-14T23:08:21.279293
51,강원특별자치도,51760,평창군,705,193,"164,743",6,9.5,8.2,2026-02-14T23:08:21.279293
51,강원특별자치도,51770,정선군,305,88,"101,391",2.6,4.3,5,2026-02-14T23:08:21.279293
51,강원특별자치도,51780,철원군,903,213,"207,399",7.7,10.5,10.3,2026-02-14T23:08:21.279293
51,강원특별자치도,51790,화천군,553,103,"112,565",4.7,5,5.6,2026-02-14T23:08:21.279293
51,강원특별자치도,51800,양구군,799,98,"105,099",6.8,4.8,5.2,2026-02-14T23:08:21.279293
51,강원특별자치도,51810,인제군,885,115,"134,317",7.5,5.6,6.6,2026-02-14T23:08:21.279293
51,강원특별자치도,51820,고성군,690,125,"151,711",5.9,6.1,7.5,2026-02-14T23:08:21.279293
51,강원특별자치도,51830,양양군,101,21,"24,755",0.9,1,1.2,2026-02-14T23:08:21.279293
52,전북특별자치도,52110,전주시,668,44,"54,391",1.8,0.9,1,2026-02-14T23:08:21.279293
52,전북특별자치도,52111,전주시 완산구,167,10,"3,786",0.4,0.2,0.1,2026-02-14T23:08:21.279293
52,전북특별자치도,52113,전주시 덕진구,387,33,"18,697",1,0.7,0.4,2026-02-14T23:08:21.279293
52,전북특별자치도,52130,군산시,"2,309",667,"850,226",6.1,14,16.1,2026-02-14T23:08:21.279293
52,전북특별자치도,52140,익산시,"5,970",670,"756,524",15.9,14.1,14.3,2026-02-14T23:08:21.279293
52,전북특별자치도,52180,정읍시,"4,727",507,"589,567",12.6,10.6,11.2,2026-02-14T23:08:21.279293
52,전북특별자치도,52190,남원시,"3,944",539,"587,199",10.5,11.3,11.1,2026-02-14T23:08:21.279293
52,전북특별자치도,52210,김제시,"5,165",581,"670,127",13.8,12.2,12.7,2026-02-14T23:08:21.279293
52,전북특별자치도,52710,완주군,"2,595",309,"288,927",6.9,6.5,5.5,2026-02-14T23:08:21.279293
52,전북특별자치도,52720,진안군,"1,599",167,"184,046",4.3,3.5,3.5,2026-02-14T23:08:21.279293
52,전북특별자치도,52730,무주군,781,71,"63,495",2.1,1.5,1.2,2026-02-14T23:08:21.279293
52,전북특별자치도,52740,장수군,"1,499",209,"264,172",4,4.4,5,2026-02-14T23:08:21.279293
52,전북특별자치도,52750,임실군,"2,012",222,"257,804",5.4,4.7,4.9,2026-02-14T23:08:21.279293
52,전북특별자치도,52770,순창군,"1,053",122,"95,043",2.8,2.6,1.8,2026-02-14T23:08:21.279293
52,전북특별자치도,52790,고창군,"2,005",256,"309,399",5.3,5.4,5.9,2026-02-14T23:08:21.279293
52,전북특별자치도,52800,부안군,"2,681",360,"285,789",7.1,7.5,5.4,2026-02-14T23:08:21.279293
