index,page,page_index,uid,title,modified_date,status,saved_file,detail_onclick,download_onclick
0,1,0,c160bb99-4d4f-4149-89e9-dd6aed4b53fb,상세보기 : 경기도_성남시_태양광발전소전기사업허가정보,2026-02-24,skipped:up_to_date,,stdObj.fn_fileDataDetail('uddi:c160bb99-4d4f-4149-89e9-dd6aed4b53fb'),
1,1,1,f888848d-3c74-4b07-9c72-f3055ed8d3bd,상세보기 : 경상남도_진주시_태양광발전소전기사업허가정보,2026-02-11,ok,generator_next\source\raw_csv\경상남도_진주시_태양광발전소전기사업허가정보_20260128.csv,stdObj.fn_fileDataDetail('uddi:f888848d-3c74-4b07-9c72-f3055ed8d3bd'),"fn_fileDataDown('15107742', 'uddi:f888848d-3c74-4b07-9c72-f3055ed8d3bd', 'FILE_000000003592641', '1', 'csv')"
2,1,2,a5790c3d-acf3-4937-b763-e9e4d473d7c0,상세보기 : 경상남도_거제시_태양광발전소전기사업허가정보,2026-01-23,skipped:up_to_date,,stdObj.fn_fileDataDetail('uddi:a5790c3d-acf3-4937-b763-e9e4d473d7c0'),
3,1,3,51334c0e-11b1-4a4b-be05-d7407b06bfc0,상세보기 : 경기도_수원시_태양광발전소전기사업허가정보,2026-01-23,ok,generator_next\source\raw_csv\경기도_수원시_태양광발전소전기사업허가정보_20260115.csv,stdObj.fn_fileDataDetail('uddi:51334c0e-11b1-4a4b-be05-d7407b06bfc0'),"fn_fileDataDown('15107742', 'uddi:51334c0e-11b1-4a4b-be05-d7407b06bfc0', 'FILE_000000003585009', '1', 'csv')"
4,1,4,373d2abc-eec5-4d53-ae0f-83bc97832437,상세보기 : 서울특별시_서초구_태양광발전소전기사업허가정보,2026-01-23,skipped:up_to_date,,stdObj.fn_fileDataDetail('uddi:373d2abc-eec5-4d53-ae0f-83bc97832437'),
5,2,0,d93baa4d-7ebf-4a19-bb24-ea0379352315,상세보기 : 경상북도_청송군_태양광발전소전기사업허가정보,2026-01-22,skipped:up_to_date,,stdObj.fn_fileDataDetail('uddi:d93baa4d-7ebf-4a19-bb24-ea0379352315'),
6,2,1,3cc6fe62-81b5-4267-a566-adbb2a5b2c1c,상세보기 : 경기도_안양시_태양광발전소전기사업허가정보,2026-01-19,ok,generator_next\source\raw_csv\경기도_안양시_태양광발전소전기사업허가정보_20251219.csv,stdObj.fn_fileDataDetail('uddi:3cc6fe62-81b5-4267-a566-adbb2a5b2c1c'),"fn_fileDataDown('15107742', 'uddi:3cc6fe62-81b5-4267-a566-adbb2a5b2c1c', 'FILE_000000003566437', '1', 'csv')"
7,2,2,56f5e723-b7f4-4cfa-878e-fa2ec6dece13,상세보기 : 광주광역시_북구_태양광발전소전기사업허가정보,2026-01-19,skipped:up_to_date,,stdObj.fn_fileDataDetail('uddi:56f5e723-b7f4-4cfa-878e-fa2ec6dece13'),
8,2,3,d6849514-1510-47a9-b0ba-9460f8120745,상세보기 : 경기도_하남시_태양광발전소전기사업허가정보,2026-01-12,ok,generator_next\source\raw_csv\경기도_하남시_태양광발전소전기사업허가정보_20251203.csv,stdObj.fn_fileDataDetail('uddi:d6849514-1510-47a9-b0ba-9460f8120745'),"fn_fileDataDown('15107742', 'uddi:d6849514-1510-47a9-b0ba-9460f8120745', 'FILE_000000003568873', '1', 'csv')"
9,2,4,bd069762-db20-46ba-96a8-fcd74796c716,상세보기 : 충청남도_논산시_태양광발전소전기사업허가정보,2026-01-12,skipped:up_to_date,,stdObj.fn_fileDataDetail('uddi:bd069762-db20-46ba-96a8-fcd74796c716'),
10,3,0,f3de7bc8-63fd-4621-9dcd-c18b1d87b3a1,상세보기 : 경기도_김포시_태양광발전소전기사업허가정보,2026-01-12,skipped:up_to_date,,stdObj.fn_fileDataDetail('uddi:f3de7bc8-63fd-4621-9dcd-c18b1d87b3a1'),
11,3,1,c7130e3e-d4d4-4393-bc04-e6b430cda305,상세보기 : 경상북도_문경시_태양광발전소전기사업허가정보,2026-01-08,ok,generator_next\source\raw_csv\경상북도_문경시_태양광발전소전기사업허가정보_20251224.csv,stdObj.fn_fileDataDetail('uddi:c7130e3e-d4d4-4393-bc04-e6b430cda305'),"fn_fileDataDown('15107742', 'uddi:c7130e3e-d4d4-4393-bc04-e6b430cda305', 'FILE_000000003572640', '1', 'csv')"
12,3,2,e2e9f867-cb10-4c00-8906-8025a1d69048,상세보기 : 전북특별자치도_임실군_태양광발전소전기사업허가정보,2025-12-17,skipped:up_to_date,,stdObj.fn_fileDataDetail('uddi:e2e9f867-cb10-4c00-8906-8025a1d69048'),
13,3,3,ba77645f-93e7-4c63-a251-a2b7c6941da4,상세보기 : 강원특별자치도_삼척시_태양광발전소전기사업허가정보,2025-12-15,ok,generator_next\source\raw_csv\강원특별자치도_삼척시_태양광발전소전기사업허가정보_20251215.csv,stdObj.fn_fileDataDetail('uddi:ba77645f-93e7-4c63-a251-a2b7c6941da4'),"fn_fileDataDown('15107742', 'uddi:ba77645f-93e7-4c63-a251-a2b7c6941da4', 'FILE_000000003562565', '1', 'csv')"
14,3,4,29033ca4-46b6-4d9e-8248-c1b20ca60d9e,상세보기 : 경기도_고양시_태양광발전소전기사업허가정보,2025-12-15,skipped:up_to_date,,stdObj.fn_fileDataDetail('uddi:29033ca4-46b6-4d9e-8248-c1b20ca60d9e'),
15,4,0,30b3bc02-09c1-4670-972f-d390735137cb,상세보기 : 충청남도_서천군_태양광발전소전기사업허가정보,2025-12-12,skipped:up_to_date,,stdObj.fn_fileDataDetail('uddi:30b3bc02-09c1-4670-972f-d390735137cb'),
16,4,1,b8c60076-1e6f-45a4-ad3c-b9b38a4a5366,상세보기 : 경상북도_예천군_태양광발전소전기사업허가정보,2025-12-12,ok,generator_next\source\raw_csv\경상북도_예천군_태양광발전소전기사업허가정보_20251209.csv,stdObj.fn_fileDataDetail('uddi:b8c60076-1e6f-45a4-ad3c-b9b38a4a5366'),"fn_fileDataDown('15107742', 'uddi:b8c60076-1e6f-45a4-ad3c-b9b38a4a5366', 'FILE_000000003559899', '1', 'csv')"
17,4,2,aaec5783-7a59-4064-b0fe-bc71ea4420ba,상세보기 : 경기도_광명시_태양광발전소전기사업허가정보,2025-12-12,skipped:up_to_date,,stdObj.fn_fileDataDetail('uddi:aaec5783-7a59-4064-b0fe-bc71ea4420ba'),
18,4,3,1d28ba27-426c-4596-abd4-988d2643611c,상세보기 : 충청남도_부여군_태양광발전소전기사업허가정보,2025-12-10,ok,generator_next\source\raw_csv\충청남도_부여군_태양광발전소전기사업허가정보_20251130.csv,stdObj.fn_fileDataDetail('uddi:1d28ba27-426c-4596-abd4-988d2643611c'),"fn_fileDataDown('15107742', 'uddi:1d28ba27-426c-4596-abd4-988d2643611c', 'FILE_000000003557983', '1', 'csv')"
19,4,4,ea06b96d-2acd-46b3-87cc-bb08dbef7a2f,상세보기 : 전라남도_장흥군_태양광발전소전기사업허가정보,2025-12-09,skipped:up_to_date,,stdObj.fn_fileDataDetail('uddi:ea06b96d-2acd-46b3-87cc-bb08dbef7a2f'),
20,5,0,6252f01a-1003-4851-a95b-c8b047874cc8,상세보기 : 충청북도_단양군_태양광발전소전기사업허가정보,2025-12-05,skipped:up_to_date,,stdObj.fn_fileDataDetail('uddi:6252f01a-1003-4851-a95b-c8b047874cc8'),
21,5,1,d786c865-f1ce-4c5d-a2f5-e4b56fa63a50,상세보기 : 전라남도_함평군_태양광발전소전기사업허가정보,2025-12-04,ok,generator_next\source\raw_csv\전라남도_함평군_태양광발전소전기사업허가정보_20251114.csv,stdObj.fn_fileDataDetail('uddi:d786c865-f1ce-4c5d-a2f5-e4b56fa63a50'),"fn_fileDataDown('15107742', 'uddi:d786c865-f1ce-4c5d-a2f5-e4b56fa63a50', 'FILE_000000003550118', '1', 'csv')"
22,5,2,b9cde4a6-b806-488c-9033-aedd2fc537b5,상세보기 : 경상남도_합천군_태양광발전소전기사업허가정보,2025-12-03,skipped:up_to_date,,stdObj.fn_fileDataDetail('uddi:b9cde4a6-b806-488c-9033-aedd2fc537b5'),
23,5,3,89020600-3ec7-499a-ad6d-9881860dca3a,상세보기 : 경상남도_의령군_태양광발전소전기사업허가정보,2025-12-02,ok,generator_next\source\raw_csv\경상남도_의령군_태양광발전소전기사업허가정보_20251201.csv,stdObj.fn_fileDataDetail('uddi:89020600-3ec7-499a-ad6d-9881860dca3a'),"fn_fileDataDown('15107742', 'uddi:89020600-3ec7-499a-ad6d-9881860dca3a', 'FILE_000000003550175', '1', 'csv')"
24,5,4,e38cf867-7dc6-4c20-a9ea-cfe3948f9307,상세보기 : 경상남도_거창군_태양광발전소전기사업허가정보,2025-12-02,skipped:up_to_date,,stdObj.fn_fileDataDetail('uddi:e38cf867-7dc6-4c20-a9ea-cfe3948f9307'),
25,6,0,5a7043da-d1b5-4da9-a929-b089664d69fe,상세보기 : 경기도_의왕시_태양광발전소전기사업허가정보,2025-12-02,skipped:up_to_date,,stdObj.fn_fileDataDetail('uddi:5a7043da-d1b5-4da9-a929-b089664d69fe'),
26,6,1,d16f3af7-1b4c-4492-ba4b-f84741e91b5a,상세보기 : 경기도_안성시_태양광발전소전기사업허가정보,2025-12-02,ok,generator_next\source\raw_csv\경기도_안성시_태양광발전소전기사업허가정보_20251125.csv,stdObj.fn_fileDataDetail('uddi:d16f3af7-1b4c-4492-ba4b-f84741e91b5a'),"fn_fileDataDown('15107742', 'uddi:d16f3af7-1b4c-4492-ba4b-f84741e91b5a', 'FILE_000000003540399', '1', 'csv')"
27,6,2,ae279308-70b0-4ee5-b67d-b7cf79836dda,상세보기 : 경상북도_경산시_태양광발전소전기사업허가정보,2025-11-28,skipped:up_to_date,,stdObj.fn_fileDataDetail('uddi:ae279308-70b0-4ee5-b67d-b7cf79836dda'),
28,6,3,aaf52095-22c1-4044-8b93-c4667e814c54,상세보기 : 경상남도_남해군_태양광발전소전기사업허가정보,2025-11-25,ok,generator_next\source\raw_csv\경상남도_남해군_태양광발전소전기사업허가정보_20251120.csv,stdObj.fn_fileDataDetail('uddi:aaf52095-22c1-4044-8b93-c4667e814c54'),"fn_fileDataDown('15107742', 'uddi:aaf52095-22c1-4044-8b93-c4667e814c54', 'FILE_000000003540011', '1', 'csv')"
29,6,4,61b09927-c8af-476c-9705-bb39a7e5bd40,상세보기 : 경기도_연천군_태양광발전소전기사업허가정보,2025-11-25,skipped:up_to_date,,stdObj.fn_fileDataDetail('uddi:61b09927-c8af-476c-9705-bb39a7e5bd40'),
30,7,0,4b688688-decf-42c8-bf7c-9f831c1009f7,상세보기 : 충청북도_청주시_태양광발전소전기사업허가정보,2025-11-24,skipped:up_to_date,,stdObj.fn_fileDataDetail('uddi:4b688688-decf-42c8-bf7c-9f831c1009f7'),
31,7,1,8c3e79c4-ea70-41be-9377-e1b0477a4229,상세보기 : 강원특별자치도_강릉시_태양광발전소전기사업허가정보,2025-11-21,ok,generator_next\source\raw_csv\강원특별자치도_강릉시_태양광발전소전기사업허가정보_20251119.csv,stdObj.fn_fileDataDetail('uddi:8c3e79c4-ea70-41be-9377-e1b0477a4229'),"fn_fileDataDown('15107742', 'uddi:8c3e79c4-ea70-41be-9377-e1b0477a4229', 'FILE_000000003532363', '1', 'csv')"
32,7,2,5f41601f-897b-4619-af81-ae9387850f4b,상세보기 : 전북특별자치도_무주군_태양광발전소전기사업허가정보,2025-11-21,skipped:up_to_date,,stdObj.fn_fileDataDetail('uddi:5f41601f-897b-4619-af81-ae9387850f4b'),
33,7,3,e17e2d39-0b09-4bd3-aa7a-dd4d23de043e,상세보기 : 서울특별시_강서구_태양광발전소전기사업허가정보,2025-11-21,ok,generator_next\source\raw_csv\서울특별시_강서구_태양광발전소전기사업허가정보_20251117.csv,stdObj.fn_fileDataDetail('uddi:e17e2d39-0b09-4bd3-aa7a-dd4d23de043e'),"fn_fileDataDown('15107742', 'uddi:e17e2d39-0b09-4bd3-aa7a-dd4d23de043e', 'FILE_000000003532358', '1', 'csv')"
34,7,4,db0e4599-8172-41f1-a0a8-c7389126bcdf,상세보기 : 경기도_태양광발전소전기사업허가정보,2025-11-20,skipped:up_to_date,,stdObj.fn_fileDataDetail('uddi:db0e4599-8172-41f1-a0a8-c7389126bcdf'),
35,8,0,cd69f271-8b0d-46f1-ba76-9133a4fee23b,상세보기 : 광주광역시_서구_태양광발전소전기사업허가정보,2025-11-18,skipped:up_to_date,,stdObj.fn_fileDataDetail('uddi:cd69f271-8b0d-46f1-ba76-9133a4fee23b'),
36,8,1,8bc7c2a2-ab1d-49f2-86a7-d5a9b1862fd3,상세보기 : 경상남도_함양군_태양광발전소전기사업허가정보,2025-11-18,ok,generator_next\source\raw_csv\경상남도_함양군_태양광발전소전기사업허가정보_20251111.csv,stdObj.fn_fileDataDetail('uddi:8bc7c2a2-ab1d-49f2-86a7-d5a9b1862fd3'),"fn_fileDataDown('15107742', 'uddi:8bc7c2a2-ab1d-49f2-86a7-d5a9b1862fd3', 'FILE_000000003528111', '1', 'csv')"
37,8,2,70e385b0-c153-4599-9616-bfd8df6db857,상세보기 : 경기도_동두천시_태양광발전소전기사업허가정보,2025-11-18,skipped:up_to_date,,stdObj.fn_fileDataDetail('uddi:70e385b0-c153-4599-9616-bfd8df6db857'),
38,8,3,cd0ad2e0-5c71-4542-b742-c15f156ca4cc,상세보기 : 강원특별자치도_동해시_태양광발전소전기사업허가정보,2025-11-18,ok,generator_next\source\raw_csv\강원특별자치도_동해시_태양광발전소전기사업허가정보_20251117.csv,stdObj.fn_fileDataDetail('uddi:cd0ad2e0-5c71-4542-b742-c15f156ca4cc'),"fn_fileDataDown('15107742', 'uddi:cd0ad2e0-5c71-4542-b742-c15f156ca4cc', 'FILE_000000003527953', '1', 'csv')"
39,8,4,225b204e-6f1e-4e51-b2a7-84c8b43adc7a,상세보기 : 대구광역시_태양광발전소전기사업허가정보,2025-11-14,skipped:up_to_date,,stdObj.fn_fileDataDetail('uddi:225b204e-6f1e-4e51-b2a7-84c8b43adc7a'),
40,9,0,09a21539-56f8-48fd-857f-b278597b767d,상세보기 : 경상북도_영양군_태양광발전소전기사업허가정보,2025-11-13,skipped:up_to_date,,stdObj.fn_fileDataDetail('uddi:09a21539-56f8-48fd-857f-b278597b767d'),
41,9,1,9ab0c550-2a53-4ada-b2ba-909836115261,상세보기 : 충청북도_증평군_태양광발전소전기사업허가정보,2025-11-11,ok,generator_next\source\raw_csv\충청북도_증평군_태양광발전소전기사업허가정보_20251103.csv,stdObj.fn_fileDataDetail('uddi:9ab0c550-2a53-4ada-b2ba-909836115261'),"fn_fileDataDown('15107742', 'uddi:9ab0c550-2a53-4ada-b2ba-909836115261', 'FILE_000000003509814', '1', 'csv')"
42,9,2,63cc3230-0c54-4f6e-b685-a351edf754d6,상세보기 : 경상남도_통영시_태양광발전소전기사업허가정보,2025-11-11,skipped:up_to_date,,stdObj.fn_fileDataDetail('uddi:63cc3230-0c54-4f6e-b685-a351edf754d6'),
43,9,3,2005e03b-f2c8-47ed-9470-b203117f7480,상세보기 : 경상남도_고성군_태양광발전소전기사업허가정보,2025-11-11,ok,generator_next\source\raw_csv\경상남도_고성군_태양광발전소전기사업허가정보_20251031.csv,stdObj.fn_fileDataDetail('uddi:2005e03b-f2c8-47ed-9470-b203117f7480'),"fn_fileDataDown('15107742', 'uddi:2005e03b-f2c8-47ed-9470-b203117f7480', 'FILE_000000003518545', '1', 'csv')"
44,9,4,de437bc0-89f1-406e-a261-9dc9ac92f4b3,상세보기 : 충청북도_충주시_태양광발전소전기사업허가정보,2025-11-10,skipped:up_to_date,,stdObj.fn_fileDataDetail('uddi:de437bc0-89f1-406e-a261-9dc9ac92f4b3'),
45,10,0,023a371e-b38a-4d5a-a376-c1a4d5f08d3d,상세보기 : 전북특별자치도_남원시_태양광발전소전기사업허가정보,2025-11-07,skipped:up_to_date,,stdObj.fn_fileDataDetail('uddi:023a371e-b38a-4d5a-a376-c1a4d5f08d3d'),
46,10,1,b40e92bb-0239-486f-a48d-fba8b9dc30fa,상세보기 : 전북특별자치도_부안군_태양광발전소전기사업허가정보,2025-11-06,ok,generator_next\source\raw_csv\전북특별자치도_부안군_태양광발전소전기사업허가정보_20251103.csv,stdObj.fn_fileDataDetail('uddi:b40e92bb-0239-486f-a48d-fba8b9dc30fa'),"fn_fileDataDown('15107742', 'uddi:b40e92bb-0239-486f-a48d-fba8b9dc30fa', 'FILE_000000003514098', '1', 'csv')"
47,10,2,ce09d111-78e9-4b10-a917-cc86bf15c3c2,상세보기 : 전라남도_보성군_태양광발전소전기사업허가정보,2025-11-05,skipped:up_to_date,,stdObj.fn_fileDataDetail('uddi:ce09d111-78e9-4b10-a917-cc86bf15c3c2'),
48,10,3,354aee77-5d9e-4d91-aa68-bc7706bf8b40,상세보기 : 강원특별자치도_양구군_태양광발전소전기사업허가정보,2025-11-04,ok,generator_next\source\raw_csv\강원특별자치도_양구군_태양광발전소전기사업허가정보_20251103.csv,stdObj.fn_fileDataDetail('uddi:354aee77-5d9e-4d91-aa68-bc7706bf8b40'),"fn_fileDataDown('15107742', 'uddi:354aee77-5d9e-4d91-aa68-bc7706bf8b40', 'FILE_000000003511267', '1', 'csv')"
49,10,4,d79676d6-2109-4a86-a296-c6717bc5a56d,상세보기 : 충청북도_옥천군_태양광발전소전기사업허가정보,2025-09-25,skipped:up_to_date,,stdObj.fn_fileDataDetail('uddi:d79676d6-2109-4a86-a296-c6717bc5a56d'),
50,11,0,51585b84-a0f4-4618-a3b0-941685a37f4d,상세보기 : 전북특별자치도_익산시_태양광발전소전기사업허가정보,2025-09-25,skipped:up_to_date,,stdObj.fn_fileDataDetail('uddi:51585b84-a0f4-4618-a3b0-941685a37f4d'),
51,11,1,cc819ffe-cdcb-4ddb-bb38-e2bd8f9e3968,상세보기 : 전라남도_화순군_태양광발전소전기사업허가정보,2025-09-25,ok,generator_next\source\raw_csv\전라남도_화순군_태양광발전소전기사업허가정보_20250924.csv,stdObj.fn_fileDataDetail('uddi:cc819ffe-cdcb-4ddb-bb38-e2bd8f9e3968'),"fn_fileDataDown('15107742', 'uddi:cc819ffe-cdcb-4ddb-bb38-e2bd8f9e3968', 'FILE_000000003502225', '1', 'csv')"
52,11,2,ddede997-351d-480b-9cb9-843d278b5de1,상세보기 : 경기도_과천시_태양광발전소전기사업허가정보,2025-09-25,skipped:up_to_date,,stdObj.fn_fileDataDetail('uddi:ddede997-351d-480b-9cb9-843d278b5de1'),
53,11,3,013d8c91-6205-4b17-b0c1-d8d69ebbe57d,상세보기 : 경상남도_창녕군_태양광발전소전기사업허가정보,2025-09-24,ok,generator_next\source\raw_csv\경상남도_창녕군_태양광발전소전기사업허가정보_20250901.csv,stdObj.fn_fileDataDetail('uddi:013d8c91-6205-4b17-b0c1-d8d69ebbe57d'),"fn_fileDataDown('15107742', 'uddi:013d8c91-6205-4b17-b0c1-d8d69ebbe57d', 'FILE_000000003255650', '1', 'csv')"
54,11,4,10264767-dc4f-46a6-8a37-d8263f40e8f2,상세보기 : 충청남도_천안시_태양광발전소전기사업허가정보,2025-09-23,skipped:up_to_date,,stdObj.fn_fileDataDetail('uddi:10264767-dc4f-46a6-8a37-d8263f40e8f2'),
55,12,0,cc9cc14f-9b98-4e1f-813d-97b523a7eb2d,상세보기 : 경상남도_사천시_태양광발전소전기사업허가정보,2025-09-23,skipped:up_to_date,,stdObj.fn_fileDataDetail('uddi:cc9cc14f-9b98-4e1f-813d-97b523a7eb2d'),
56,12,1,f8c7378a-1039-437a-bf3f-d403a53c45ab,상세보기 : 충청남도_아산시_태양광발전소전기사업허가정보,2025-09-23,ok,generator_next\source\raw_csv\충청남도_아산시_태양광발전소전기사업허가정보_20250916.csv,stdObj.fn_fileDataDetail('uddi:f8c7378a-1039-437a-bf3f-d403a53c45ab'),"fn_fileDataDown('15107742', 'uddi:f8c7378a-1039-437a-bf3f-d403a53c45ab', 'FILE_000000003255843', '1', 'csv')"
57,12,2,b11a00f6-d7bd-46d5-9da5-af9f71ec8360,상세보기 : 전라남도_영광군_태양광발전소전기사업허가정보,2025-09-22,skipped:up_to_date,,stdObj.fn_fileDataDetail('uddi:b11a00f6-d7bd-46d5-9da5-af9f71ec8360'),
58,12,3,e593a316-785a-4172-824e-cc82023bdb75,상세보기 : 전라남도_진도군_태양광발전소전기사업허가정보,2025-09-19,ok,generator_next\source\raw_csv\전라남도_진도군_태양광발전소전기사업허가정보_20250905.csv,stdObj.fn_fileDataDetail('uddi:e593a316-785a-4172-824e-cc82023bdb75'),"fn_fileDataDown('15107742', 'uddi:e593a316-785a-4172-824e-cc82023bdb75', 'FILE_000000003253641', '1', 'csv')"
59,12,4,13a81bc7-23d0-4ade-8deb-ddb0284068e8,상세보기 : 제주특별자치도_태양광발전소전기사업허가정보,2025-09-18,skipped:up_to_date,,stdObj.fn_fileDataDetail('uddi:13a81bc7-23d0-4ade-8deb-ddb0284068e8'),
60,13,0,4662e1a6-6314-40bb-985c-9f849b6b12c3,상세보기 : 경기도_화성시_태양광발전소전기사업허가정보,2025-09-18,skipped:up_to_date,,stdObj.fn_fileDataDetail('uddi:4662e1a6-6314-40bb-985c-9f849b6b12c3'),
61,13,1,b59f05fd-d8e2-4b43-876b-cc45e998627d,상세보기 : 경기도_파주시_태양광발전소전기사업허가정보,2025-09-18,ok,generator_next\source\raw_csv\경기도_파주시_태양광발전소전기사업허가정보_20250916.csv,stdObj.fn_fileDataDetail('uddi:b59f05fd-d8e2-4b43-876b-cc45e998627d'),"fn_fileDataDown('15107742', 'uddi:b59f05fd-d8e2-4b43-876b-cc45e998627d', 'FILE_000000003250366', '1', 'csv')"
62,13,2,66bb2287-1045-4ce2-b266-b93f381af497,상세보기 : 전라남도_순천시_태양광발전소전기사업허가정보,2025-09-16,skipped:up_to_date,,stdObj.fn_fileDataDetail('uddi:66bb2287-1045-4ce2-b266-b93f381af497'),
63,13,3,6f03eb10-7ce6-47ad-bba0-8bb65eb01634,상세보기 : 인천광역시_태양광발전소전기사업허가정보,2025-09-15,ok,generator_next\source\raw_csv\인천광역시_태양광발전소전기사업허가정보_20250912.csv,stdObj.fn_fileDataDetail('uddi:6f03eb10-7ce6-47ad-bba0-8bb65eb01634'),"fn_fileDataDown('15107742', 'uddi:6f03eb10-7ce6-47ad-bba0-8bb65eb01634', 'FILE_000000003245337', '1', 'csv')"
64,13,4,a4ca9b9a-add4-4412-bff7-d993fe0edfdc,상세보기 : 경상남도_김해시_태양광발전소전기사업허가정보,2025-09-10,skipped:up_to_date,,stdObj.fn_fileDataDetail('uddi:a4ca9b9a-add4-4412-bff7-d993fe0edfdc'),
65,14,0,f0d450b2-f93d-4b0b-ac4f-d3ebcd4f4190,상세보기 : 경기도_군포시_태양광발전소전기사업허가정보,2025-09-09,skipped:up_to_date,,stdObj.fn_fileDataDetail('uddi:f0d450b2-f93d-4b0b-ac4f-d3ebcd4f4190'),
66,14,1,e7382a62-1c8c-477e-b793-a249277791b5,상세보기 : 경기도_광주시_태양광발전소전기사업허가정보,2025-09-03,ok,generator_next\source\raw_csv\경기도_광주시_태양광발전소전기사업허가정보_20250820.csv,stdObj.fn_fileDataDetail('uddi:e7382a62-1c8c-477e-b793-a249277791b5'),"fn_fileDataDown('15107742', 'uddi:e7382a62-1c8c-477e-b793-a249277791b5', 'FILE_000000003231453', '1', 'csv')"
67,14,2,d0c6f21f-de43-4a77-96c3-cb681ce0a46a,상세보기 : 경기도_의정부시_태양광발전소전기사업허가정보,2025-09-01,skipped:up_to_date,,stdObj.fn_fileDataDetail('uddi:d0c6f21f-de43-4a77-96c3-cb681ce0a46a'),
68,14,3,8440b9db-71e4-486a-b2cb-a8f4a77f479b,상세보기 : 강원특별자치도_정선군_태양광발전소전기사업허가정보,2025-08-19,ok,generator_next\source\raw_csv\강원특별자치도_정선군_태양광발전소전기사업허가정보_20250808.csv,stdObj.fn_fileDataDetail('uddi:8440b9db-71e4-486a-b2cb-a8f4a77f479b'),"fn_fileDataDown('15107742', 'uddi:8440b9db-71e4-486a-b2cb-a8f4a77f479b', 'FILE_000000003212578', '1', 'csv')"
69,14,4,f17302ee-9dbe-4ba5-9beb-f382e107053f,상세보기 : 강원특별자치도_춘천시_태양광발전소전기사업허가정보,2025-08-01,skipped:up_to_date,,stdObj.fn_fileDataDetail('uddi:f17302ee-9dbe-4ba5-9beb-f382e107053f'),
70,15,0,8ea39fde-abf5-4816-a920-bfe90c47af57,상세보기 : 충청북도_진천군_태양광발전소전기사업허가정보,2025-07-24,skipped:up_to_date,,stdObj.fn_fileDataDetail('uddi:8ea39fde-abf5-4816-a920-bfe90c47af57'),
71,15,1,8c0c6672-b04e-4476-a7ba-d9bc39c9befd,상세보기 : 경기도_용인시_태양광발전소전기사업허가정보,2025-07-24,ok,generator_next\source\raw_csv\경기도_용인시_태양광발전소전기사업허가정보_20250722.csv,stdObj.fn_fileDataDetail('uddi:8c0c6672-b04e-4476-a7ba-d9bc39c9befd'),"fn_fileDataDown('15107742', 'uddi:8c0c6672-b04e-4476-a7ba-d9bc39c9befd', 'FILE_000000003193751', '1', 'csv')"
72,15,2,f9a592a2-c4d0-4008-b7a6-faaea3f07d01,상세보기 : 경기도_평택시_태양광발전소전기사업허가정보,2025-07-18,skipped:up_to_date,,stdObj.fn_fileDataDetail('uddi:f9a592a2-c4d0-4008-b7a6-faaea3f07d01'),
73,15,3,648c125b-8ddf-45b4-a120-d1df503a59a9,상세보기 : 경기도_오산시_태양광발전소전기사업허가정보,2025-07-16,ok,generator_next\source\raw_csv\경기도_오산시_태양광발전소전기사업허가정보_20250630.csv,stdObj.fn_fileDataDetail('uddi:648c125b-8ddf-45b4-a120-d1df503a59a9'),"fn_fileDataDown('15107742', 'uddi:648c125b-8ddf-45b4-a120-d1df503a59a9', 'FILE_000000003188479', '1', 'csv')"
74,15,4,4b0f7489-dc33-4973-a1f8-e94115128a1d,상세보기 : 광주광역시_광산구_태양광발전소전기사업허가정보,2025-07-14,skipped:up_to_date,,stdObj.fn_fileDataDetail('uddi:4b0f7489-dc33-4973-a1f8-e94115128a1d'),
75,16,0,a2063f7e-6247-4540-b273-d6e9838fcb33,상세보기 : 경상북도_고령군_태양광발전소전기사업허가정보,2025-07-04,skipped:up_to_date,,stdObj.fn_fileDataDetail('uddi:a2063f7e-6247-4540-b273-d6e9838fcb33'),
76,16,1,336529a8-f278-4ccc-a255-9c93f78b11db,상세보기 : 강원특별자치도_태양광발전소전기사업허가정보,2025-07-02,ok,generator_next\source\raw_csv\강원특별자치도_태양광발전소전기사업허가정보_20250620.csv,stdObj.fn_fileDataDetail('uddi:336529a8-f278-4ccc-a255-9c93f78b11db'),"fn_fileDataDown('15107742', 'uddi:336529a8-f278-4ccc-a255-9c93f78b11db', 'FILE_000000003172048', '1', 'csv')"
77,16,2,a4d74b16-5fad-492b-b3a0-c7b34b4b2d5a,상세보기 : 충청남도_서산시_태양광발전소전기사업허가정보,2025-06-20,skipped:up_to_date,,stdObj.fn_fileDataDetail('uddi:a4d74b16-5fad-492b-b3a0-c7b34b4b2d5a'),
78,16,3,cf8dabf4-7ac6-4888-a04e-ae7c5c6333a7,상세보기 : 충청남도_계룡시_태양광발전소전기사업허가정보,2025-06-19,ok,generator_next\source\raw_csv\충청남도_계룡시_태양광발전소전기사업허가정보_20250619.csv,stdObj.fn_fileDataDetail('uddi:cf8dabf4-7ac6-4888-a04e-ae7c5c6333a7'),"fn_fileDataDown('15107742', 'uddi:cf8dabf4-7ac6-4888-a04e-ae7c5c6333a7', 'FILE_000000003163597', '1', 'csv')"
79,16,4,2dd33600-2594-476d-98f3-e2ca96617b0b,상세보기 : 경기도_시흥시_태양광발전소전기사업허가정보,2025-06-17,skipped:up_to_date,,stdObj.fn_fileDataDetail('uddi:2dd33600-2594-476d-98f3-e2ca96617b0b'),
80,17,0,57cf8cef-37f3-4e19-8348-e7e23e3ed227,상세보기 : 경상북도_청도군_태양광발전소전기사업허가정보,2025-06-16,skipped:up_to_date,,stdObj.fn_fileDataDetail('uddi:57cf8cef-37f3-4e19-8348-e7e23e3ed227'),
81,17,1,e1e19f03-f0d9-4588-bfb5-f80056030f35,상세보기 : 경기도_안산시_태양광발전소전기사업허가정보,2025-06-11,ok,generator_next\source\raw_csv\경기도_안산시_태양광발전소전기사업허가정보_20250610.csv,stdObj.fn_fileDataDetail('uddi:e1e19f03-f0d9-4588-bfb5-f80056030f35'),"fn_fileDataDown('15107742', 'uddi:e1e19f03-f0d9-4588-bfb5-f80056030f35', 'FILE_000000003155135', '1', 'csv')"
82,17,2,b006469e-27c8-48c8-a493-cff575ef1572,상세보기 : 충청남도_금산군_태양광발전소전기사업허가정보,2025-06-02,skipped:up_to_date,,stdObj.fn_fileDataDetail('uddi:b006469e-27c8-48c8-a493-cff575ef1572'),
83,17,3,cba14ccd-d467-46d5-b906-86c5c78cb4b6,상세보기 : 경기도_가평군_태양광발전소전기사업허가정보,2025-05-23,ok,generator_next\source\raw_csv\경기도_가평군_태양광발전소전기사업허가정보_20250521.csv,stdObj.fn_fileDataDetail('uddi:cba14ccd-d467-46d5-b906-86c5c78cb4b6'),"fn_fileDataDown('15107742', 'uddi:cba14ccd-d467-46d5-b906-86c5c78cb4b6', 'FILE_000000003141103', '1', 'csv')"
84,17,4,2efe766d-ca0a-4929-9455-b9f0d1aa0f00,상세보기 : 경상북도_영천시_태양광발전소전기사업허가정보,2025-05-22,skipped:up_to_date,,stdObj.fn_fileDataDetail('uddi:2efe766d-ca0a-4929-9455-b9f0d1aa0f00'),
85,18,0,db0b9cfa-3847-47b4-bb1c-b4d264a4a227,상세보기 : 전라남도_목포시_태양광발전소전기사업허가정보,2025-05-12,skipped:up_to_date,,stdObj.fn_fileDataDetail('uddi:db0b9cfa-3847-47b4-bb1c-b4d264a4a227'),
86,18,1,fcb30f2e-8d6b-4507-aed1-e514d32814d5,상세보기 : 강원특별자치도_화천군_태양광발전소전기사업허가정보,2025-04-04,ok,generator_next\source\raw_csv\강원특별자치도_화천군_태양광발전소전기사업허가정보_20250326.csv,stdObj.fn_fileDataDetail('uddi:fcb30f2e-8d6b-4507-aed1-e514d32814d5'),"fn_fileDataDown('15107742', 'uddi:fcb30f2e-8d6b-4507-aed1-e514d32814d5', 'FILE_000000003117019', '1', 'csv')"
87,18,2,c5b77ceb-303e-4029-9f3f-862671ee263a,상세보기 : 전북특별자치도_장수군_태양광발전소전기사업허가정보,2025-03-28,skipped:up_to_date,,stdObj.fn_fileDataDetail('uddi:c5b77ceb-303e-4029-9f3f-862671ee263a'),
88,18,3,dd1d75ef-19ce-4326-bff8-a2f5d48a6233,상세보기 : 충청남도_홍성군_태양광발전소전기사업허가정보,2025-03-20,ok,generator_next\source\raw_csv\충청남도_홍성군_태양광발전소전기사업허가정보_20250207.csv,stdObj.fn_fileDataDetail('uddi:dd1d75ef-19ce-4326-bff8-a2f5d48a6233'),"fn_fileDataDown('15107742', 'uddi:dd1d75ef-19ce-4326-bff8-a2f5d48a6233', 'FILE_000000003096119', '1', 'csv')"
89,18,4,6cd000f0-1583-469c-92e2-cd1228b2d2d8,상세보기 : 강원특별자치도_원주시_태양광발전소전기사업허가정보,2025-03-20,skipped:up_to_date,,stdObj.fn_fileDataDetail('uddi:6cd000f0-1583-469c-92e2-cd1228b2d2d8'),
90,19,0,afa4c4cc-ce0e-46bd-be03-fb73445c3b78,상세보기 : 전북특별자치도_진안군_태양광발전소전기사업허가정보,2025-03-14,skipped:up_to_date,,stdObj.fn_fileDataDetail('uddi:afa4c4cc-ce0e-46bd-be03-fb73445c3b78'),
91,19,1,9d99fc1b-94b7-4823-9858-f621cf0cdf80,상세보기 : 충청북도_제천시_태양광발전소전기사업허가정보,2025-03-06,ok,generator_next\source\raw_csv\충청북도_제천시_태양광발전소전기사업허가정보_20250205.csv,stdObj.fn_fileDataDetail('uddi:9d99fc1b-94b7-4823-9858-f621cf0cdf80'),"fn_fileDataDown('15107742', 'uddi:9d99fc1b-94b7-4823-9858-f621cf0cdf80', 'FILE_000000003094692', '1', 'csv')"
92,19,2,04c2d71c-d62f-464d-9d80-b59aeae44110,상세보기 : 경기도_부천시_태양광발전소전기사업허가정보,2025-02-10,skipped:up_to_date,,stdObj.fn_fileDataDetail('uddi:04c2d71c-d62f-464d-9d80-b59aeae44110'),
93,19,3,7833727c-72c6-420e-bad1-d5f61a6135e0,상세보기 : 강원특별자치도_고성군_태양광발전소전기사업허가정보,2025-02-03,ok,generator_next\source\raw_csv\강원특별자치도_고성군_태양광발전소전기사업허가정보_20250203.csv,stdObj.fn_fileDataDetail('uddi:7833727c-72c6-420e-bad1-d5f61a6135e0'),"fn_fileDataDown('15107742', 'uddi:7833727c-72c6-420e-bad1-d5f61a6135e0', 'FILE_000000003093660', '1', 'csv')"
94,19,4,22b5075d-d014-4547-a972-8ed978c25561,상세보기 : 경기도_남양주시_태양광발전소전기사업허가정보,2025-01-22,skipped:up_to_date,,stdObj.fn_fileDataDetail('uddi:22b5075d-d014-4547-a972-8ed978c25561'),
95,20,0,6b6d2288-1a6d-4605-b8d2-fab902f1f899,상세보기 : 경상남도_산청군_태양광발전소전기사업허가정보,2024-12-30,skipped:up_to_date,,stdObj.fn_fileDataDetail('uddi:6b6d2288-1a6d-4605-b8d2-fab902f1f899'),
96,20,1,440140fa-020c-4240-9b0d-bb0344bae5f3,상세보기 : 서울특별시_구로구_태양광발전소전기사업허가정보,2024-12-26,ok,generator_next\source\raw_csv\서울특별시_구로구_태양광발전소전기사업허가정보_20241226.csv,stdObj.fn_fileDataDetail('uddi:440140fa-020c-4240-9b0d-bb0344bae5f3'),"fn_fileDataDown('15107742', 'uddi:440140fa-020c-4240-9b0d-bb0344bae5f3', 'FILE_000000003082652', '1', 'csv')"
97,20,2,3c7424ba-81fa-4cd9-b991-a823b0634ac4,상세보기 : 강원특별자치도_영월군_태양광발전소전기사업허가정보,2024-12-24,skipped:up_to_date,,stdObj.fn_fileDataDetail('uddi:3c7424ba-81fa-4cd9-b991-a823b0634ac4'),
98,20,3,dc9b9851-a0ff-40bd-914c-b13268764d74,상세보기 : 강원특별자치도_양양군_태양광발전소전기사업허가정보,2024-12-12,ok,generator_next\source\raw_csv\강원특별자치도_양양군_태양광발전소전기사업허가정보_20241126.csv,stdObj.fn_fileDataDetail('uddi:dc9b9851-a0ff-40bd-914c-b13268764d74'),"fn_fileDataDown('15107742', 'uddi:dc9b9851-a0ff-40bd-914c-b13268764d74', 'FILE_000000003061984', '1', 'csv')"
99,20,4,6e23fe00-abdf-4835-83b1-aab5f8e1b095,상세보기 : 전라남도_영암군_태양광발전소전기사업허가정보,2024-10-23,skipped:up_to_date,,stdObj.fn_fileDataDetail('uddi:6e23fe00-abdf-4835-83b1-aab5f8e1b095'),
100,21,0,497d4a1f-50b1-47db-b2d3-9b23d178652f,상세보기 : 전라남도_강진군_태양광발전소전기사업허가정보,2024-10-16,skipped:up_to_date,,stdObj.fn_fileDataDetail('uddi:497d4a1f-50b1-47db-b2d3-9b23d178652f'),
101,21,1,bc49fae7-fec8-44a6-b776-fd534a1b64fa,상세보기 : 경상북도_봉화군_태양광발전소전기사업허가정보,2024-10-11,ok,generator_next\source\raw_csv\경상북도_봉화군_태양광발전소전기사업허가정보_20241011.csv,stdObj.fn_fileDataDetail('uddi:bc49fae7-fec8-44a6-b776-fd534a1b64fa'),"fn_fileDataDown('15107742', 'uddi:bc49fae7-fec8-44a6-b776-fd534a1b64fa', 'FILE_000000003042129', '1', 'csv')"
102,21,2,743107bb-ca20-457b-86f0-b6927851a832,상세보기 : 경기도_양주시_태양광발전소전기사업허가정보,2024-10-11,skipped:up_to_date,,stdObj.fn_fileDataDetail('uddi:743107bb-ca20-457b-86f0-b6927851a832'),
103,21,3,063dcde4-a29b-4d84-abe3-b6f91c7871b0,상세보기 : 전라남도_고흥군_태양광발전소전기사업허가정보,2024-10-10,ok,generator_next\source\raw_csv\전라남도_고흥군_태양광발전소전기사업허가정보_20241010.csv,stdObj.fn_fileDataDetail('uddi:063dcde4-a29b-4d84-abe3-b6f91c7871b0'),"fn_fileDataDown('15107742', 'uddi:063dcde4-a29b-4d84-abe3-b6f91c7871b0', 'FILE_000000003041370', '1', 'csv')"
104,21,4,60f6a87a-952c-4aa5-afa7-f761db9cd125,상세보기 : 전라남도_곡성군_태양광발전소전기사업허가정보,2024-10-10,skipped:up_to_date,,stdObj.fn_fileDataDetail('uddi:60f6a87a-952c-4aa5-afa7-f761db9cd125'),
105,22,0,dee4530e-f7e3-43d8-9b52-af00a4abe39a,상세보기 : 경상남도_창원시_태양광발전소전기사업허가정보,2024-10-10,skipped:up_to_date,,stdObj.fn_fileDataDetail('uddi:dee4530e-f7e3-43d8-9b52-af00a4abe39a'),
106,22,1,a86695b1-c98e-4dab-8d06-e2fbcd13b8cd,상세보기 : 서울특별시_강동구_태양광발전소전기사업허가정보,2024-10-08,ok,generator_next\source\raw_csv\서울특별시_강동구_태양광발전소전기사업허가정보_20241008.csv,stdObj.fn_fileDataDetail('uddi:a86695b1-c98e-4dab-8d06-e2fbcd13b8cd'),"fn_fileDataDown('15107742', 'uddi:a86695b1-c98e-4dab-8d06-e2fbcd13b8cd', 'FILE_000000003040784', '1', 'csv')"
107,22,2,86ed0c07-a98b-4045-9c5c-ba2eb97420eb,상세보기 : 전북특별자치도_전주시_태양광발전소전기사업허가정보,2024-10-08,skipped:up_to_date,,stdObj.fn_fileDataDetail('uddi:86ed0c07-a98b-4045-9c5c-ba2eb97420eb'),
108,22,3,80e7a304-ed69-4958-8847-87f58cc240ad,상세보기 : 광주광역시_동구_태양광발전소전기사업허가정보,2024-10-08,ok,generator_next\source\raw_csv\광주광역시_동구_태양광발전소전기사업허가정보_20241006.csv,stdObj.fn_fileDataDetail('uddi:80e7a304-ed69-4958-8847-87f58cc240ad'),"fn_fileDataDown('15107742', 'uddi:80e7a304-ed69-4958-8847-87f58cc240ad', 'FILE_000000003040491', '1', 'csv')"
109,22,4,0c211fee-c674-4c2c-9b1f-aa0c1f6356a5,상세보기 : 경상남도_밀양시_태양광발전소전기사업허가정보,2024-10-08,skipped:up_to_date,,stdObj.fn_fileDataDetail('uddi:0c211fee-c674-4c2c-9b1f-aa0c1f6356a5'),
110,23,0,441104cf-da2e-411d-8a21-ab020dac70a2,상세보기 : 경기도_양평군_태양광발전소전기사업허가정보,2024-10-07,skipped:up_to_date,,stdObj.fn_fileDataDetail('uddi:441104cf-da2e-411d-8a21-ab020dac70a2'),
111,23,1,7e356f17-a1f4-4f67-816d-b136f20365be,상세보기 : 경상북도_영덕군_태양광발전소전기사업허가정보,2024-10-07,ok,generator_next\source\raw_csv\경상북도_영덕군_태양광발전소전기사업허가정보_20241007.csv,stdObj.fn_fileDataDetail('uddi:7e356f17-a1f4-4f67-816d-b136f20365be'),"fn_fileDataDown('15107742', 'uddi:7e356f17-a1f4-4f67-816d-b136f20365be', 'FILE_000000003040036', '1', 'csv')"
112,23,2,12f35f4e-eefb-4c10-b57e-931fb57c4a7f,상세보기 : 충청남도_당진시_태양광발전소전기사업허가정보,2024-10-07,skipped:up_to_date,,stdObj.fn_fileDataDetail('uddi:12f35f4e-eefb-4c10-b57e-931fb57c4a7f'),
113,23,3,6eb47a53-5be3-41b3-b209-d1281fc446d3,상세보기 : 충청남도_태안군_태양광발전소전기사업허가정보,2024-10-07,ok,generator_next\source\raw_csv\충청남도_태안군_태양광발전소전기사업허가정보_20241002.csv,stdObj.fn_fileDataDetail('uddi:6eb47a53-5be3-41b3-b209-d1281fc446d3'),"fn_fileDataDown('15107742', 'uddi:6eb47a53-5be3-41b3-b209-d1281fc446d3', 'FILE_000000003039326', '1', 'csv')"
114,23,4,a3aae110-2cd9-4de2-9c47-c7cbd5deeb58,상세보기 : 전라남도_구례군_태양광발전소전기사업허가정보,2024-10-07,skipped:up_to_date,,stdObj.fn_fileDataDetail('uddi:a3aae110-2cd9-4de2-9c47-c7cbd5deeb58'),
115,24,0,8e61ae09-5aaf-40de-8fa9-f3b4bc69851f,상세보기 : 전라남도_해남군_태양광발전소전기사업허가정보,2024-09-25,skipped:up_to_date,,stdObj.fn_fileDataDetail('uddi:8e61ae09-5aaf-40de-8fa9-f3b4bc69851f'),
116,24,1,7d925bec-c0d8-4e99-9a0e-92b51f47eac8,상세보기 : 서울특별시_동대문구_태양광발전소전기사업허가정보,2024-09-25,ok,generator_next\source\raw_csv\서울특별시_동대문구_태양광발전소전기사업허가정보_20240924.csv,stdObj.fn_fileDataDetail('uddi:7d925bec-c0d8-4e99-9a0e-92b51f47eac8'),"fn_fileDataDown('15107742', 'uddi:7d925bec-c0d8-4e99-9a0e-92b51f47eac8', 'FILE_000000003032459', '1', 'csv')"
117,24,2,7e923b7e-2f8a-4abb-9e3d-d9a7e1b8b558,상세보기 : 울산광역시_태양광발전소전기사업허가정보,2024-09-25,skipped:up_to_date,,stdObj.fn_fileDataDetail('uddi:7e923b7e-2f8a-4abb-9e3d-d9a7e1b8b558'),
118,24,3,7bffd6e5-9323-4385-a50e-fabf70779291,상세보기 : 경상북도_안동시_태양광발전소전기사업허가정보,2024-09-25,ok,generator_next\source\raw_csv\경상북도_안동시_태양광발전소전기사업허가정보_20240924.csv,stdObj.fn_fileDataDetail('uddi:7bffd6e5-9323-4385-a50e-fabf70779291'),"fn_fileDataDown('15107742', 'uddi:7bffd6e5-9323-4385-a50e-fabf70779291', 'FILE_000000003032178', '1', 'csv')"
119,24,4,a0be5a20-c62c-484d-999c-d3c612bf5458,상세보기 : 충청북도_음성군_태양광발전소전기사업허가정보,2024-09-25,skipped:up_to_date,,stdObj.fn_fileDataDetail('uddi:a0be5a20-c62c-484d-999c-d3c612bf5458'),
120,25,0,c33b0628-b46b-4c02-b1bc-943ea5e8ddb0,상세보기 : 강원특별자치도_태백시_태양광발전소전기사업허가정보,2024-09-25,skipped:up_to_date,,stdObj.fn_fileDataDetail('uddi:c33b0628-b46b-4c02-b1bc-943ea5e8ddb0'),
121,25,1,94219f93-8161-49e7-bcb7-f50fcc7207b7,상세보기 : 전라남도_완도군_태양광발전소전기사업허가정보,2024-09-24,ok,generator_next\source\raw_csv\전라남도_완도군_태양광발전소전기사업허가정보_20240830.csv,stdObj.fn_fileDataDetail('uddi:94219f93-8161-49e7-bcb7-f50fcc7207b7'),"fn_fileDataDown('15107742', 'uddi:94219f93-8161-49e7-bcb7-f50fcc7207b7', 'FILE_000000003031445', '1', 'csv')"
122,25,2,a780fb31-bcc2-4d3c-82e5-edbd00058c88,상세보기 : 강원특별자치도_홍천군_태양광발전소전기사업허가정보,2024-09-24,skipped:up_to_date,,stdObj.fn_fileDataDetail('uddi:a780fb31-bcc2-4d3c-82e5-edbd00058c88'),
123,25,3,d4d1b657-ff73-460b-9dad-fe56dc64e41b,상세보기 : 경상북도_성주군_태양광발전소전기사업허가정보,2024-09-24,ok,generator_next\source\raw_csv\경상북도_성주군_태양광발전소전기사업허가정보_20240807.csv,stdObj.fn_fileDataDetail('uddi:d4d1b657-ff73-460b-9dad-fe56dc64e41b'),"fn_fileDataDown('15107742', 'uddi:d4d1b657-ff73-460b-9dad-fe56dc64e41b', 'FILE_000000002980916', '1', 'csv')"
124,25,4,bf21cd0e-fa17-40d7-acb6-be4fdc56809c,상세보기 : 경상북도_울진군_태양광발전소전기사업허가정보,2024-09-04,skipped:up_to_date,,stdObj.fn_fileDataDetail('uddi:bf21cd0e-fa17-40d7-acb6-be4fdc56809c'),
125,26,0,4b726d98-d9ce-4ade-a735-c0a3a4cf8f52,상세보기 : 전북특별자치도_고창군_태양광발전소전기사업허가정보,2024-06-03,skipped:up_to_date,,stdObj.fn_fileDataDetail('uddi:4b726d98-d9ce-4ade-a735-c0a3a4cf8f52'),
126,26,1,2c65b3ab-a62a-4846-86d8-a4625aa3a1f2,상세보기 : 전라북도_완주군_태양광발전소전기사업허가정보,2024-01-31,ok,generator_next\source\raw_csv\전라북도_완주군_태양광발전소전기사업허가정보_20240129.csv,stdObj.fn_fileDataDetail('uddi:2c65b3ab-a62a-4846-86d8-a4625aa3a1f2'),"fn_fileDataDown('15107742', 'uddi:2c65b3ab-a62a-4846-86d8-a4625aa3a1f2', 'FILE_000000002873241', '1', 'csv')"
127,26,2,f262c3c4-6b70-4cdf-9f34-e2f1f23125e1,상세보기 : 경상남도_하동군_태양광발전소전기사업허가정보,2024-01-12,skipped:up_to_date,,stdObj.fn_fileDataDetail('uddi:f262c3c4-6b70-4cdf-9f34-e2f1f23125e1'),
128,26,3,6db24e3f-777e-409a-9607-cf605fe0b59f,상세보기 : 경기도_구리시_태양광발전소전기사업허가정보,2023-12-14,ok,generator_next\source\raw_csv\경기도_구리시_태양광발전소전기사업허가정보_20231124.csv,stdObj.fn_fileDataDetail('uddi:6db24e3f-777e-409a-9607-cf605fe0b59f'),"fn_fileDataDown('15107742', 'uddi:6db24e3f-777e-409a-9607-cf605fe0b59f', 'FILE_000000002842833', '1', 'csv')"
129,26,4,f4ab6840-32a5-4518-b3e8-d7f123d2757a,상세보기 : 경기도_여주시_태양광발전소전기사업허가정보,2023-11-24,skipped:up_to_date,,stdObj.fn_fileDataDetail('uddi:f4ab6840-32a5-4518-b3e8-d7f123d2757a'),
130,27,0,1f608482-e1d7-4158-b190-8dac936a898e,상세보기 : 경상북도_영주시_태양광발전소전기사업허가정보,2023-08-21,skipped:up_to_date,,stdObj.fn_fileDataDetail('uddi:1f608482-e1d7-4158-b190-8dac936a898e'),
131,27,1,75ca175e-2125-4b23-b025-c375e7175f19,상세보기 : 부산광역시_태양광발전소전기사업허가정보,2022-12-12,ok,generator_next\source\raw_csv\부산광역시_태양광발전소전기사업허가정보_20221129.csv,stdObj.fn_fileDataDetail('uddi:75ca175e-2125-4b23-b025-c375e7175f19'),"fn_fileDataDown('15107742', 'uddi:75ca175e-2125-4b23-b025-c375e7175f19', 'FILE_000000002665810', '1', 'csv')"
132,27,2,c2b3e9d7-dbf7-4e1f-be6f-b60e60cceb51,상세보기 : 강원도_인제군_태양광발전소전기사업허가정보,2022-12-01,skipped:up_to_date,,stdObj.fn_fileDataDetail('uddi:c2b3e9d7-dbf7-4e1f-be6f-b60e60cceb51'),
133,27,3,e038cd7f-3369-47ea-bde5-ba158d9868d5,상세보기 : 충청북도_보은군_태양광발전소전기사업허가정보,2022-11-30,ok,generator_next\source\raw_csv\충청북도_보은군_태양광발전소전기사업허가정보_20221130.csv,stdObj.fn_fileDataDetail('uddi:e038cd7f-3369-47ea-bde5-ba158d9868d5'),"fn_fileDataDown('15107742', 'uddi:e038cd7f-3369-47ea-bde5-ba158d9868d5', 'FILE_000000002656446', '1', 'csv')"
134,27,4,73936b58-02a4-4793-9baf-8636a5adc871,상세보기 : 강원도_평창군_태양광발전소전기사업허가정보,2022-11-25,skipped:up_to_date,,stdObj.fn_fileDataDetail('uddi:73936b58-02a4-4793-9baf-8636a5adc871'),
