region_1depth_name,region_2depth_name,b_count,b_capacity_MW,전년도발전용량,
서울,성동구,15,4,5183,
서울,동대문구,25,1,786,
서울,마포구,9,0,362,
서울,종로구,5,0,214,
서울,서초구,24,2,1455,
서울,강서구,32,10,11166,
서울,동작구,17,0,537,
서울,성북구,26,1,609,
서울,용산구,3,0,110,
서울,관악구,26,1,988,
서울,강북구,24,1,919,
서울,도봉구,30,1,1249,
서울,중랑구,30,3,3414,
서울,양천구,13,1,632,
서울,강동구,37,9,10437,
서울,영등포구,18,1,792,
서울,은평구,26,1,1120,
서울,금천구,24,1,1232,
서울,중구,7,0,179,
서울,구로구,31,2,1878,
서울,광진구,38,3,2955,
서울,강남구,25,2,2727,
서울,노원구,33,3,2434,
서울,서대문구,17,1,769,
서울,송파구,35,4,4146,
부산,사상구,71,5,2956,
부산,남구,14,6,5361,
부산,서구,6,0,367,
부산,부산진구,16,4,615,
부산,사하구,99,18,14350,
부산,영도구,11,1,438,
부산,강서구,913,225,162860,
부산,동래구,20,1,839,
부산,기장군,240,58,37794,
부산,중구,7,0,391,
부산,동구,8,1,1188,
부산,금정구,41,7,8716,
부산,해운대구,20,1,1553,
부산,북구,13,2,1981,
부산,연제구,6,0,283,
부산,수영구,5,0,198,
대구,남구,30,1,681,
대구,중구,14,0,288,
대구,달성군,1053,166,94508,
대구,북구,481,44,19785,
대구,달서구,787,104,50738,
대구,군위군,822,146,163279,
대구,서구,232,20,6315,
대구,동구,248,22,14423,
대구,수성구,55,2,2469,
인천,중구,89,27,20794,
인천,미추홀구,34,3,1346,
인천,계양구,29,4,3270,
인천,남동구,121,20,14454,
인천,강화군,488,39,28908,
인천,부평구,29,2,1900,
인천,옹진군,35,14,14487,
인천,서구,465,76,44125,
인천,연수구,19,2,2891,
인천,동구,6,1,764,
광주,서구,244,22,20626,
광주,남구,115,14,8536,
광주,광산구,1599,295,226126,
광주,동구,41,7,6704,
광주,북구,535,60,45612,
대전,중구,87,4,3479,
대전,유성구,184,22,17726,
대전,동구,139,10,6143,
대전,서구,143,6,5119,
대전,대덕구,266,31,23321,
울산,북구,220,54,20365,
울산,동구,26,1,545,
울산,중구,14,0,375,
울산,남구,102,25,15805,
울산,울주군,621,108,77889,
세종,세종시,696,98,79051,
경기,양평군,600,36,28447,
경기,가평군,407,43,40742,
경기,시흥시,458,67,36679,
경기,화성시,2941,318,230340,
경기,포천시,1757,205,115949,
경기,김포시,1430,125,63779,
경기,여주시,1610,202,183717,
경기,안성시,2097,246,174147,
경기,성남시,38,4,4266,
경기,안양시,29,2,1630,
경기,부천시,31,2,2330,
경기,양주시,674,64,33432,
경기,군포시,27,10,2112,
경기,구리시,19,1,1219,
경기,용인시,510,54,39338,
경기,평택시,1241,162,101973,
경기,연천군,976,210,184497,
경기,의왕시,17,1,1644,
경기,광명시,31,4,4462,
경기,이천시,1346,181,157983,
경기,광주시,556,55,36219,
경기,남양주시,346,34,22766,
경기,오산시,72,10,8061,
경기,수원시,155,14,10606,
경기,의정부시,47,7,6260,
경기,동두천시,105,13,8086,
경기,파주시,1345,141,88047,
경기,고양시,502,45,33372,
경기,과천시,3,0,272,
경기,안산시,458,61,38868,
경기,하남시,51,4,3831,
강원특별자치도,고성군,690,125,151711,
강원특별자치도,인제군,885,115,134317,
강원특별자치도,태백시,137,70,85713,
강원특별자치도,평창군,705,193,164743,
강원특별자치도,정선군,305,88,101391,
강원특별자치도,삼척시,483,155,131968,
강원특별자치도,영월군,510,128,140919,
강원특별자치도,춘천시,810,98,80016,
강원특별자치도,강릉시,707,112,129139,
강원특별자치도,양양군,101,21,24755,
강원특별자치도,동해시,117,26,27831,
강원특별자치도,홍천군,1613,190,173650,
강원특별자치도,속초시,79,6,6454,
강원특별자치도,철원군,903,213,207399,
강원특별자치도,원주시,1561,192,164783,
강원특별자치도,양구군,799,98,105099,
강원특별자치도,횡성군,811,104,77885,
강원특별자치도,화천군,553,103,112565,
충북,제천시,1081,118,105676,
충북,증평군,406,39,34011,
충북,진천군,1085,150,127746,
충북,영동군,1076,114,110548,
충북,청주시,3442,381,277357,
충북,충주시,1712,180,162596,
충북,음성군,1784,247,190046,
충북,괴산군,1262,149,132591,
충북,보은군,1210,140,160859,
충북,옥천군,1613,164,163522,
충북,단양군,552,92,77790,여기까지함
충남,천안시,1691,209,178350,
충남,홍성군,1308,180,203585,
충남,보령시,1309,195,225553,
충남,공주시,1963,200,213921,
충남,논산시,3232,347,401590,
충남,금산군,1718,204,219450,
충남,아산시,1517,218,221690,
충남,계룡시,27,3,774,
충남,청양군,680,62,69682,
충남,예산군,1665,187,170996,
충남,서산시,1517,500,430480,
충남,당진시,1635,329,299745,
충남,서천군,1733,186,226097,
충남,태안군,955,612,342919,
충남,부여군,1696,237,280772,
전북특별자치도,부안군,1848,223,285789,
전북특별자치도,김제시,5076,574,670127,
전북특별자치도,전주시,669,45,54458,
전북특별자치도,진안군,1528,161,184046,
전북특별자치도,익산시,5706,646,756524,
전북특별자치도,무주군,748,68,63495,
전북특별자치도,정읍시,4484,477,589567,
전북특별자치도,전주시 덕진구,302,26,18630,
전북특별자치도,전주시 완산구,120,6,3786,
전북특별자치도,남원시,3725,515,587199,
전북특별자치도,고창군,1943,252,309399,
전북특별자치도,장수군,1486,208,264172,
전북특별자치도,임실군,1964,217,257804,
전북특별자치도,순창군,968,115,95043,
전북특별자치도,완주군,2309,277,288927,
전북특별자치도,군산시,2211,656,850226,
전남,강진군,1243,211,262549,
전남,곡성군,631,81,87558,
전남,장성군,1062,153,154936,
전남,고흥군,1938,513,578640,
전남,영광군,946,459,478620,
전남,목포시,417,64,75383,
전남,구례군,197,19,18199,
전남,순천시,1666,287,304265,
전남,해남군,2303,616,783684,
전남,진도군,764,113,127560,
전남,영암군,2324,530,573787,
전남,장흥군,1011,140,150783,
전남,보성군,964,188,186523,
전남,화순군,1405,197,216780,
전남,담양군,901,85,58416,
전남,완도군,782,84,103533,
전남,함평군,917,131,115622,
전남,광양시,845,185,196196,
전남,무안군,1300,328,391284,
전남,나주시,2668,445,467411,
전남,신안군,517,976,942071,
전남,여수시,716,101,109164,
경북,영천시,1807,225,213664,
경북,영주시,1629,206,218070,
경북,예천군,1658,208,214358,
경북,영양군,861,136,155260,
경북,영덕군,867,154,167701,
경북,고령군,623,64,48234,
경북,문경시,1005,138,147369,
경북,의성군,1752,309,356027,
경북,경산시,1389,182,155006,
경북,봉화군,903,138,152272,
경북,김천시,1956,268,287538,
경북,청도군,546,47,38614,
경북,경주시,1399,218,181403,
경북,상주시,3048,456,527292,
경북,칠곡군,1206,143,134115,
경북,구미시,1778,228,261409,
경북,청송군,426,35,42194,
경북,포항시,711,122,107568,
경북,안동시,2319,266,276110,
경북,울진군,114,16,18455,
경북,성주군,834,94,100481,
경남,함안군,708,110,87432,
경남,합천군,1333,224,270113,
경남,함양군,719,78,87665,
경남,김해시,1054,156,120613,
경남,밀양시,991,99,92429,
경남,의령군,424,104,112082,
경남,양산시,285,43,36677,
경남,고성군,499,80,86190,
경남,남해군,951,78,78948,
경남,통영시,116,25,28262,
경남,창녕군,688,116,107683,
경남,산청군,639,92,107572,
경남,사천시,807,115,122613,
경남,창원시,699,152,141410,
경남,하동군,1153,151,186257,
경남,거제시,187,10,9785,
경남,거창군,1168,150,166959,
경남,진주시,939,116,97299,
제주특별자치도,서귀포시,779,309,362979,
제주특별자치도,제주시,944,249,285533,
