key,uid,title,modified_date,saved_file,updated_at,status
uid:013d8c91-6205-4b17-b0c1-d8d69ebbe57d,013d8c91-6205-4b17-b0c1-d8d69ebbe57d,상세보기 : 경상남도_창녕군_태양광발전소전기사업허가정보,2025-09-24,generator_next\source\raw_csv\경상남도_창녕군_태양광발전소전기사업허가정보_20250901.csv,2026-02-25T02:22:19,ok
uid:023a371e-b38a-4d5a-a376-c1a4d5f08d3d,023a371e-b38a-4d5a-a376-c1a4d5f08d3d,상세보기 : 전북특별자치도_남원시_태양광발전소전기사업허가정보,2025-11-07,generator_next\source\raw_csv\전북특별자치도_남원시_태양광발전소전기사업허가정보_20251103.csv,2026-02-25T02:22:13,skipped:up_to_date
uid:04c2d71c-d62f-464d-9d80-b59aeae44110,04c2d71c-d62f-464d-9d80-b59aeae44110,상세보기 : 경기도_부천시_태양광발전소전기사업허가정보,2025-02-10,generator_next\source\raw_csv\경기도_부천시_태양광발전소전기사업허가정보_20250205.csv,2026-02-25T02:22:42,skipped:up_to_date
uid:063dcde4-a29b-4d84-abe3-b6f91c7871b0,063dcde4-a29b-4d84-abe3-b6f91c7871b0,상세보기 : 전라남도_고흥군_태양광발전소전기사업허가정보,2024-10-10,generator_next\source\raw_csv\전라남도_고흥군_태양광발전소전기사업허가정보_20241010.csv,2026-02-25T02:22:50,ok
uid:09a21539-56f8-48fd-857f-b278597b767d,09a21539-56f8-48fd-857f-b278597b767d,상세보기 : 경상북도_영양군_태양광발전소전기사업허가정보,2025-11-13,generator_next\source\raw_csv\경상북도_영양군_태양광발전소전기사업허가정보_20251110.csv,2026-02-25T02:22:10,skipped:up_to_date
uid:0c211fee-c674-4c2c-9b1f-aa0c1f6356a5,0c211fee-c674-4c2c-9b1f-aa0c1f6356a5,상세보기 : 경상남도_밀양시_태양광발전소전기사업허가정보,2024-10-08,generator_next\source\raw_csv\경상남도_밀양시_태양광발전소전기사업허가정보_20240930.csv,2026-02-25T02:22:53,skipped:up_to_date
uid:10264767-dc4f-46a6-8a37-d8263f40e8f2,10264767-dc4f-46a6-8a37-d8263f40e8f2,상세보기 : 충청남도_천안시_태양광발전소전기사업허가정보,2025-09-23,generator_next\source\raw_csv\충청남도_천안시_태양광발전소전기사업허가정보_20250916.csv,2026-02-25T02:22:19,skipped:up_to_date
uid:12f35f4e-eefb-4c10-b57e-931fb57c4a7f,12f35f4e-eefb-4c10-b57e-931fb57c4a7f,상세보기 : 충청남도_당진시_태양광발전소전기사업허가정보,2024-10-07,generator_next\source\raw_csv\충청남도_당진시_태양광발전소전기사업허가정보_20240901.csv,2026-02-25T02:22:55,skipped:up_to_date
uid:13a81bc7-23d0-4ade-8deb-ddb0284068e8,13a81bc7-23d0-4ade-8deb-ddb0284068e8,상세보기 : 제주특별자치도_태양광발전소전기사업허가정보,2025-09-18,generator_next\source\raw_csv\제주특별자치도_태양광발전소전기사업허가정보_20250915.csv,2026-02-25T02:22:22,skipped:up_to_date
uid:1d28ba27-426c-4596-abd4-988d2643611c,1d28ba27-426c-4596-abd4-988d2643611c,상세보기 : 충청남도_부여군_태양광발전소전기사업허가정보,2025-12-10,generator_next\source\raw_csv\충청남도_부여군_태양광발전소전기사업허가정보_20251130.csv,2026-02-25T02:21:57,ok
uid:1f608482-e1d7-4158-b190-8dac936a898e,1f608482-e1d7-4158-b190-8dac936a898e,상세보기 : 경상북도_영주시_태양광발전소전기사업허가정보,2023-08-21,generator_next\source\raw_csv\경상북도_영주시_태양광발전소전기사업허가정보_20230818.csv,2026-02-25T02:23:06,skipped:up_to_date
uid:2005e03b-f2c8-47ed-9470-b203117f7480,2005e03b-f2c8-47ed-9470-b203117f7480,상세보기 : 경상남도_고성군_태양광발전소전기사업허가정보,2025-11-11,generator_next\source\raw_csv\경상남도_고성군_태양광발전소전기사업허가정보_20251031.csv,2026-02-25T02:22:13,ok
uid:225b204e-6f1e-4e51-b2a7-84c8b43adc7a,225b204e-6f1e-4e51-b2a7-84c8b43adc7a,상세보기 : 대구광역시_태양광발전소전기사업허가정보,2025-11-14,generator_next\source\raw_csv\대구광역시_태양광발전소전기사업허가정보_20251112.csv,2026-02-25T02:22:09,skipped:up_to_date
uid:22b5075d-d014-4547-a972-8ed978c25561,22b5075d-d014-4547-a972-8ed978c25561,상세보기 : 경기도_남양주시_태양광발전소전기사업허가정보,2025-01-22,generator_next\source\raw_csv\경기도_남양주시_태양광발전소전기사업허가정보_20241212.csv,2026-02-25T02:22:44,skipped:up_to_date
uid:29033ca4-46b6-4d9e-8248-c1b20ca60d9e,29033ca4-46b6-4d9e-8248-c1b20ca60d9e,상세보기 : 경기도_고양시_태양광발전소전기사업허가정보,2025-12-15,generator_next\source\raw_csv\경기도_고양시_태양광발전소전기사업허가정보_20251211.csv,2026-02-25T02:21:54,skipped:up_to_date
uid:2c65b3ab-a62a-4846-86d8-a4625aa3a1f2,2c65b3ab-a62a-4846-86d8-a4625aa3a1f2,상세보기 : 전라북도_완주군_태양광발전소전기사업허가정보,2024-01-31,generator_next\source\raw_csv\전라북도_완주군_태양광발전소전기사업허가정보_20240129.csv,2026-02-25T02:23:04,ok
uid:2dd33600-2594-476d-98f3-e2ca96617b0b,2dd33600-2594-476d-98f3-e2ca96617b0b,상세보기 : 경기도_시흥시_태양광발전소전기사업허가정보,2025-06-17,generator_next\source\raw_csv\경기도_시흥시_태양광발전소전기사업허가정보_20250510.csv,2026-02-25T02:22:34,skipped:up_to_date
uid:2efe766d-ca0a-4929-9455-b9f0d1aa0f00,2efe766d-ca0a-4929-9455-b9f0d1aa0f00,상세보기 : 경상북도_영천시_태양광발전소전기사업허가정보,2025-05-22,generator_next\source\raw_csv\경상북도_영천시_태양광발전소전기사업허가정보_20250508.csv,2026-02-25T02:22:37,skipped:up_to_date
uid:30b3bc02-09c1-4670-972f-d390735137cb,30b3bc02-09c1-4670-972f-d390735137cb,상세보기 : 충청남도_서천군_태양광발전소전기사업허가정보,2025-12-12,generator_next\source\raw_csv\충청남도_서천군_태양광발전소전기사업허가정보_20251210.csv,2026-02-25T02:21:55,skipped:up_to_date
uid:336529a8-f278-4ccc-a255-9c93f78b11db,336529a8-f278-4ccc-a255-9c93f78b11db,상세보기 : 강원특별자치도_태양광발전소전기사업허가정보,2025-07-02,generator_next\source\raw_csv\강원특별자치도_태양광발전소전기사업허가정보_20250620.csv,2026-02-25T02:22:33,ok
uid:354aee77-5d9e-4d91-aa68-bc7706bf8b40,354aee77-5d9e-4d91-aa68-bc7706bf8b40,상세보기 : 강원특별자치도_양구군_태양광발전소전기사업허가정보,2025-11-04,generator_next\source\raw_csv\강원특별자치도_양구군_태양광발전소전기사업허가정보_20251103.csv,2026-02-25T02:22:16,ok
uid:373d2abc-eec5-4d53-ae0f-83bc97832437,373d2abc-eec5-4d53-ae0f-83bc97832437,상세보기 : 서울특별시_서초구_태양광발전소전기사업허가정보,2026-01-23,generator_next\source\raw_csv\서울특별시_서초구_태양광발전소전기사업허가정보_20260106.csv,2026-02-25T02:21:48,skipped:up_to_date
uid:3c7424ba-81fa-4cd9-b991-a823b0634ac4,3c7424ba-81fa-4cd9-b991-a823b0634ac4,상세보기 : 강원특별자치도_영월군_태양광발전소전기사업허가정보,2024-12-24,generator_next\source\raw_csv\강원특별자치도_영월군_태양광발전소전기사업허가정보_20241220.csv,2026-02-25T02:22:46,skipped:up_to_date
uid:3cc6fe62-81b5-4267-a566-adbb2a5b2c1c,3cc6fe62-81b5-4267-a566-adbb2a5b2c1c,상세보기 : 경기도_안양시_태양광발전소전기사업허가정보,2026-01-19,generator_next\source\raw_csv\경기도_안양시_태양광발전소전기사업허가정보_20251219.csv,2026-02-25T02:21:50,ok
uid:440140fa-020c-4240-9b0d-bb0344bae5f3,440140fa-020c-4240-9b0d-bb0344bae5f3,상세보기 : 서울특별시_구로구_태양광발전소전기사업허가정보,2024-12-26,generator_next\source\raw_csv\서울특별시_구로구_태양광발전소전기사업허가정보_20241226.csv,2026-02-25T02:22:46,ok
uid:441104cf-da2e-411d-8a21-ab020dac70a2,441104cf-da2e-411d-8a21-ab020dac70a2,상세보기 : 경기도_양평군_태양광발전소전기사업허가정보,2024-10-07,generator_next\source\raw_csv\경기도_양평군_태양광발전소전기사업허가정보_20240930.csv,2026-02-25T02:22:54,skipped:up_to_date
uid:4662e1a6-6314-40bb-985c-9f849b6b12c3,4662e1a6-6314-40bb-985c-9f849b6b12c3,상세보기 : 경기도_화성시_태양광발전소전기사업허가정보,2025-09-18,generator_next\source\raw_csv\경기도_화성시_태양광발전소전기사업허가정보_20250912.csv,2026-02-25T02:22:23,skipped:up_to_date
uid:497d4a1f-50b1-47db-b2d3-9b23d178652f,497d4a1f-50b1-47db-b2d3-9b23d178652f,상세보기 : 전라남도_강진군_태양광발전소전기사업허가정보,2024-10-16,generator_next\source\raw_csv\전라남도_강진군_태양광발전소전기사업허가정보_20240930.csv,2026-02-25T02:22:47,skipped:up_to_date
uid:4b0f7489-dc33-4973-a1f8-e94115128a1d,4b0f7489-dc33-4973-a1f8-e94115128a1d,상세보기 : 광주광역시_광산구_태양광발전소전기사업허가정보,2025-07-14,generator_next\source\raw_csv\광주광역시_광산구_태양광발전소전기사업허가정보_20250702.csv,2026-02-25T02:22:31,skipped:up_to_date
uid:4b688688-decf-42c8-bf7c-9f831c1009f7,4b688688-decf-42c8-bf7c-9f831c1009f7,상세보기 : 충청북도_청주시_태양광발전소전기사업허가정보,2025-11-24,generator_next\source\raw_csv\충청북도_청주시_태양광발전소전기사업허가정보_20251120.csv,2026-02-25T02:22:04,skipped:up_to_date
uid:4b726d98-d9ce-4ade-a735-c0a3a4cf8f52,4b726d98-d9ce-4ade-a735-c0a3a4cf8f52,상세보기 : 전북특별자치도_고창군_태양광발전소전기사업허가정보,2024-06-03,generator_next\source\raw_csv\전북특별자치도_고창군_태양광발전소전기사업허가정보_20240522.csv,2026-02-25T02:23:03,skipped:up_to_date
uid:51334c0e-11b1-4a4b-be05-d7407b06bfc0,51334c0e-11b1-4a4b-be05-d7407b06bfc0,상세보기 : 경기도_수원시_태양광발전소전기사업허가정보,2026-01-23,generator_next\source\raw_csv\경기도_수원시_태양광발전소전기사업허가정보_20260115.csv,2026-02-25T02:21:48,ok
uid:51585b84-a0f4-4618-a3b0-941685a37f4d,51585b84-a0f4-4618-a3b0-941685a37f4d,상세보기 : 전북특별자치도_익산시_태양광발전소전기사업허가정보,2025-09-25,generator_next\source\raw_csv\전북특별자치도_익산시_태양광발전소전기사업허가정보_20250924.csv,2026-02-25T02:22:16,skipped:up_to_date
uid:56f5e723-b7f4-4cfa-878e-fa2ec6dece13,56f5e723-b7f4-4cfa-878e-fa2ec6dece13,상세보기 : 광주광역시_북구_태양광발전소전기사업허가정보,2026-01-19,generator_next\source\raw_csv\광주광역시_북구_태양광발전소전기사업허가정보_20260113.csv,2026-02-25T02:21:50,skipped:up_to_date
uid:57cf8cef-37f3-4e19-8348-e7e23e3ed227,57cf8cef-37f3-4e19-8348-e7e23e3ed227,상세보기 : 경상북도_청도군_태양광발전소전기사업허가정보,2025-06-16,generator_next\source\raw_csv\경상북도_청도군_태양광발전소전기사업허가정보_20250616.csv,2026-02-25T02:22:35,skipped:up_to_date
uid:5a7043da-d1b5-4da9-a929-b089664d69fe,5a7043da-d1b5-4da9-a929-b089664d69fe,상세보기 : 경기도_의왕시_태양광발전소전기사업허가정보,2025-12-02,generator_next\source\raw_csv\경기도_의왕시_태양광발전소전기사업허가정보_20251128.csv,2026-02-25T02:22:01,skipped:up_to_date
uid:5f41601f-897b-4619-af81-ae9387850f4b,5f41601f-897b-4619-af81-ae9387850f4b,상세보기 : 전북특별자치도_무주군_태양광발전소전기사업허가정보,2025-11-21,generator_next\source\raw_csv\전북특별자치도_무주군_태양광발전소전기사업허가정보_20251119.csv,2026-02-25T02:22:05,skipped:up_to_date
uid:60f6a87a-952c-4aa5-afa7-f761db9cd125,60f6a87a-952c-4aa5-afa7-f761db9cd125,상세보기 : 전라남도_곡성군_태양광발전소전기사업허가정보,2024-10-10,generator_next\source\raw_csv\전라남도_곡성군_태양광발전소전기사업허가정보_20241001.csv,2026-02-25T02:22:50,skipped:up_to_date
uid:61b09927-c8af-476c-9705-bb39a7e5bd40,61b09927-c8af-476c-9705-bb39a7e5bd40,상세보기 : 경기도_연천군_태양광발전소전기사업허가정보,2025-11-25,generator_next\source\raw_csv\경기도_연천군_태양광발전소전기사업허가정보_20251124.csv,2026-02-25T02:22:03,skipped:up_to_date
uid:6252f01a-1003-4851-a95b-c8b047874cc8,6252f01a-1003-4851-a95b-c8b047874cc8,상세보기 : 충청북도_단양군_태양광발전소전기사업허가정보,2025-12-05,generator_next\source\raw_csv\충청북도_단양군_태양광발전소전기사업허가정보_20251204.csv,2026-02-25T02:21:58,skipped:up_to_date
uid:63cc3230-0c54-4f6e-b685-a351edf754d6,63cc3230-0c54-4f6e-b685-a351edf754d6,상세보기 : 경상남도_통영시_태양광발전소전기사업허가정보,2025-11-11,generator_next\source\raw_csv\경상남도_통영시_태양광발전소전기사업허가정보_20251110.csv,2026-02-25T02:22:11,skipped:up_to_date
uid:648c125b-8ddf-45b4-a120-d1df503a59a9,648c125b-8ddf-45b4-a120-d1df503a59a9,상세보기 : 경기도_오산시_태양광발전소전기사업허가정보,2025-07-16,generator_next\source\raw_csv\경기도_오산시_태양광발전소전기사업허가정보_20250630.csv,2026-02-25T02:22:31,ok
uid:66bb2287-1045-4ce2-b266-b93f381af497,66bb2287-1045-4ce2-b266-b93f381af497,상세보기 : 전라남도_순천시_태양광발전소전기사업허가정보,2025-09-16,generator_next\source\raw_csv\전라남도_순천시_태양광발전소전기사업허가정보_20250903.csv,2026-02-25T02:22:24,skipped:up_to_date
uid:6b6d2288-1a6d-4605-b8d2-fab902f1f899,6b6d2288-1a6d-4605-b8d2-fab902f1f899,상세보기 : 경상남도_산청군_태양광발전소전기사업허가정보,2024-12-30,generator_next\source\raw_csv\경상남도_산청군_태양광발전소전기사업허가정보_20241210.csv,2026-02-25T02:22:44,skipped:up_to_date
uid:6cd000f0-1583-469c-92e2-cd1228b2d2d8,6cd000f0-1583-469c-92e2-cd1228b2d2d8,상세보기 : 강원특별자치도_원주시_태양광발전소전기사업허가정보,2025-03-20,generator_next\source\raw_csv\강원특별자치도_원주시_태양광발전소전기사업허가정보_20250131.csv,2026-02-25T02:22:41,skipped:up_to_date
uid:6db24e3f-777e-409a-9607-cf605fe0b59f,6db24e3f-777e-409a-9607-cf605fe0b59f,상세보기 : 경기도_구리시_태양광발전소전기사업허가정보,2023-12-14,generator_next\source\raw_csv\경기도_구리시_태양광발전소전기사업허가정보_20231124.csv,2026-02-25T02:23:05,ok
uid:6e23fe00-abdf-4835-83b1-aab5f8e1b095,6e23fe00-abdf-4835-83b1-aab5f8e1b095,상세보기 : 전라남도_영암군_태양광발전소전기사업허가정보,2024-10-23,generator_next\source\raw_csv\전라남도_영암군_태양광발전소전기사업허가정보_20241018.csv,2026-02-25T02:22:47,skipped:up_to_date
uid:6eb47a53-5be3-41b3-b209-d1281fc446d3,6eb47a53-5be3-41b3-b209-d1281fc446d3,상세보기 : 충청남도_태안군_태양광발전소전기사업허가정보,2024-10-07,generator_next\source\raw_csv\충청남도_태안군_태양광발전소전기사업허가정보_20241002.csv,2026-02-25T02:22:56,ok
uid:6f03eb10-7ce6-47ad-bba0-8bb65eb01634,6f03eb10-7ce6-47ad-bba0-8bb65eb01634,상세보기 : 인천광역시_태양광발전소전기사업허가정보,2025-09-15,generator_next\source\raw_csv\인천광역시_태양광발전소전기사업허가정보_20250912.csv,2026-02-25T02:22:25,ok
uid:70e385b0-c153-4599-9616-bfd8df6db857,70e385b0-c153-4599-9616-bfd8df6db857,상세보기 : 경기도_동두천시_태양광발전소전기사업허가정보,2025-11-18,generator_next\source\raw_csv\경기도_동두천시_태양광발전소전기사업허가정보_20251112.csv,2026-02-25T02:22:08,skipped:up_to_date
uid:73936b58-02a4-4793-9baf-8636a5adc871,73936b58-02a4-4793-9baf-8636a5adc871,상세보기 : 강원도_평창군_태양광발전소전기사업허가정보,2022-11-25,generator_next\source\raw_csv\강원도_평창군_태양광발전소전기사업허가정보_20221117.csv,2026-02-25T02:23:08,skipped:up_to_date
uid:743107bb-ca20-457b-86f0-b6927851a832,743107bb-ca20-457b-86f0-b6927851a832,상세보기 : 경기도_양주시_태양광발전소전기사업허가정보,2024-10-11,generator_next\source\raw_csv\경기도_양주시_태양광발전소전기사업허가정보_20241010.csv,2026-02-25T02:22:49,skipped:up_to_date
uid:75ca175e-2125-4b23-b025-c375e7175f19,75ca175e-2125-4b23-b025-c375e7175f19,상세보기 : 부산광역시_태양광발전소전기사업허가정보,2022-12-12,generator_next\source\raw_csv\부산광역시_태양광발전소전기사업허가정보_20221129.csv,2026-02-25T02:23:07,ok
uid:7833727c-72c6-420e-bad1-d5f61a6135e0,7833727c-72c6-420e-bad1-d5f61a6135e0,상세보기 : 강원특별자치도_고성군_태양광발전소전기사업허가정보,2025-02-03,generator_next\source\raw_csv\강원특별자치도_고성군_태양광발전소전기사업허가정보_20250203.csv,2026-02-25T02:22:44,ok
uid:7bffd6e5-9323-4385-a50e-fabf70779291,7bffd6e5-9323-4385-a50e-fabf70779291,상세보기 : 경상북도_안동시_태양광발전소전기사업허가정보,2024-09-25,generator_next\source\raw_csv\경상북도_안동시_태양광발전소전기사업허가정보_20240924.csv,2026-02-25T02:22:59,ok
uid:7d925bec-c0d8-4e99-9a0e-92b51f47eac8,7d925bec-c0d8-4e99-9a0e-92b51f47eac8,상세보기 : 서울특별시_동대문구_태양광발전소전기사업허가정보,2024-09-25,generator_next\source\raw_csv\서울특별시_동대문구_태양광발전소전기사업허가정보_20240924.csv,2026-02-25T02:22:58,ok
uid:7e356f17-a1f4-4f67-816d-b136f20365be,7e356f17-a1f4-4f67-816d-b136f20365be,상세보기 : 경상북도_영덕군_태양광발전소전기사업허가정보,2024-10-07,generator_next\source\raw_csv\경상북도_영덕군_태양광발전소전기사업허가정보_20241007.csv,2026-02-25T02:22:55,ok
uid:7e923b7e-2f8a-4abb-9e3d-d9a7e1b8b558,7e923b7e-2f8a-4abb-9e3d-d9a7e1b8b558,상세보기 : 울산광역시_태양광발전소전기사업허가정보,2024-09-25,generator_next\source\raw_csv\울산광역시_태양광발전소전기사업허가정보_20240924.csv,2026-02-25T02:22:58,skipped:up_to_date
uid:80e7a304-ed69-4958-8847-87f58cc240ad,80e7a304-ed69-4958-8847-87f58cc240ad,상세보기 : 광주광역시_동구_태양광발전소전기사업허가정보,2024-10-08,generator_next\source\raw_csv\광주광역시_동구_태양광발전소전기사업허가정보_20241006.csv,2026-02-25T02:22:53,ok
uid:8440b9db-71e4-486a-b2cb-a8f4a77f479b,8440b9db-71e4-486a-b2cb-a8f4a77f479b,상세보기 : 강원특별자치도_정선군_태양광발전소전기사업허가정보,2025-08-19,generator_next\source\raw_csv\강원특별자치도_정선군_태양광발전소전기사업허가정보_20250808.csv,2026-02-25T02:22:28,ok
uid:86ed0c07-a98b-4045-9c5c-ba2eb97420eb,86ed0c07-a98b-4045-9c5c-ba2eb97420eb,상세보기 : 전북특별자치도_전주시_태양광발전소전기사업허가정보,2024-10-08,generator_next\source\raw_csv\전북특별자치도_전주시_태양광발전소전기사업허가정보_20240930.csv,2026-02-25T02:22:52,skipped:up_to_date
uid:89020600-3ec7-499a-ad6d-9881860dca3a,89020600-3ec7-499a-ad6d-9881860dca3a,상세보기 : 경상남도_의령군_태양광발전소전기사업허가정보,2025-12-02,generator_next\source\raw_csv\경상남도_의령군_태양광발전소전기사업허가정보_20251201.csv,2026-02-25T02:22:00,ok
uid:8bc7c2a2-ab1d-49f2-86a7-d5a9b1862fd3,8bc7c2a2-ab1d-49f2-86a7-d5a9b1862fd3,상세보기 : 경상남도_함양군_태양광발전소전기사업허가정보,2025-11-18,generator_next\source\raw_csv\경상남도_함양군_태양광발전소전기사업허가정보_20251111.csv,2026-02-25T02:22:08,ok
uid:8c0c6672-b04e-4476-a7ba-d9bc39c9befd,8c0c6672-b04e-4476-a7ba-d9bc39c9befd,상세보기 : 경기도_용인시_태양광발전소전기사업허가정보,2025-07-24,generator_next\source\raw_csv\경기도_용인시_태양광발전소전기사업허가정보_20250722.csv,2026-02-25T02:22:30,ok
uid:8c3e79c4-ea70-41be-9377-e1b0477a4229,8c3e79c4-ea70-41be-9377-e1b0477a4229,상세보기 : 강원특별자치도_강릉시_태양광발전소전기사업허가정보,2025-11-21,generator_next\source\raw_csv\강원특별자치도_강릉시_태양광발전소전기사업허가정보_20251119.csv,2026-02-25T02:22:05,ok
uid:8e61ae09-5aaf-40de-8fa9-f3b4bc69851f,8e61ae09-5aaf-40de-8fa9-f3b4bc69851f,상세보기 : 전라남도_해남군_태양광발전소전기사업허가정보,2024-09-25,generator_next\source\raw_csv\전라남도_해남군_태양광발전소전기사업허가정보_20240924.csv,2026-02-25T02:22:57,skipped:up_to_date
uid:8ea39fde-abf5-4816-a920-bfe90c47af57,8ea39fde-abf5-4816-a920-bfe90c47af57,상세보기 : 충청북도_진천군_태양광발전소전기사업허가정보,2025-07-24,generator_next\source\raw_csv\충청북도_진천군_태양광발전소전기사업허가정보_20250721.csv,2026-02-25T02:22:29,skipped:up_to_date
uid:94219f93-8161-49e7-bcb7-f50fcc7207b7,94219f93-8161-49e7-bcb7-f50fcc7207b7,상세보기 : 전라남도_완도군_태양광발전소전기사업허가정보,2024-09-24,generator_next\source\raw_csv\전라남도_완도군_태양광발전소전기사업허가정보_20240830.csv,2026-02-25T02:23:01,ok
uid:9ab0c550-2a53-4ada-b2ba-909836115261,9ab0c550-2a53-4ada-b2ba-909836115261,상세보기 : 충청북도_증평군_태양광발전소전기사업허가정보,2025-11-11,generator_next\source\raw_csv\충청북도_증평군_태양광발전소전기사업허가정보_20251103.csv,2026-02-25T02:22:11,ok
uid:9d99fc1b-94b7-4823-9858-f621cf0cdf80,9d99fc1b-94b7-4823-9858-f621cf0cdf80,상세보기 : 충청북도_제천시_태양광발전소전기사업허가정보,2025-03-06,generator_next\source\raw_csv\충청북도_제천시_태양광발전소전기사업허가정보_20250205.csv,2026-02-25T02:22:42,ok
uid:a0be5a20-c62c-484d-999c-d3c612bf5458,a0be5a20-c62c-484d-999c-d3c612bf5458,상세보기 : 충청북도_음성군_태양광발전소전기사업허가정보,2024-09-25,generator_next\source\raw_csv\충청북도_음성군_태양광발전소전기사업허가정보_20240924.csv,2026-02-25T02:22:59,skipped:up_to_date
uid:a2063f7e-6247-4540-b273-d6e9838fcb33,a2063f7e-6247-4540-b273-d6e9838fcb33,상세보기 : 경상북도_고령군_태양광발전소전기사업허가정보,2025-07-04,generator_next\source\raw_csv\경상북도_고령군_태양광발전소전기사업허가정보_20250625.csv,2026-02-25T02:22:32,skipped:up_to_date
uid:a3aae110-2cd9-4de2-9c47-c7cbd5deeb58,a3aae110-2cd9-4de2-9c47-c7cbd5deeb58,상세보기 : 전라남도_구례군_태양광발전소전기사업허가정보,2024-10-07,generator_next\source\raw_csv\전라남도_구례군_태양광발전소전기사업허가정보_20241007.csv,2026-02-25T02:22:56,skipped:up_to_date
uid:a4ca9b9a-add4-4412-bff7-d993fe0edfdc,a4ca9b9a-add4-4412-bff7-d993fe0edfdc,상세보기 : 경상남도_김해시_태양광발전소전기사업허가정보,2025-09-10,generator_next\source\raw_csv\경상남도_김해시_태양광발전소전기사업허가정보_20250908.csv,2026-02-25T02:22:25,skipped:up_to_date
uid:a4d74b16-5fad-492b-b3a0-c7b34b4b2d5a,a4d74b16-5fad-492b-b3a0-c7b34b4b2d5a,상세보기 : 충청남도_서산시_태양광발전소전기사업허가정보,2025-06-20,generator_next\source\raw_csv\충청남도_서산시_태양광발전소전기사업허가정보_20250617.csv,2026-02-25T02:22:33,skipped:up_to_date
uid:a5790c3d-acf3-4937-b763-e9e4d473d7c0,a5790c3d-acf3-4937-b763-e9e4d473d7c0,상세보기 : 경상남도_거제시_태양광발전소전기사업허가정보,2026-01-23,generator_next\source\raw_csv\경상남도_거제시_태양광발전소전기사업허가정보_20260123.csv,2026-02-25T02:21:46,skipped:up_to_date
uid:a780fb31-bcc2-4d3c-82e5-edbd00058c88,a780fb31-bcc2-4d3c-82e5-edbd00058c88,상세보기 : 강원특별자치도_홍천군_태양광발전소전기사업허가정보,2024-09-24,generator_next\source\raw_csv\강원특별자치도_홍천군_태양광발전소전기사업허가정보_20240920.csv,2026-02-25T02:23:01,skipped:up_to_date
uid:a86695b1-c98e-4dab-8d06-e2fbcd13b8cd,a86695b1-c98e-4dab-8d06-e2fbcd13b8cd,상세보기 : 서울특별시_강동구_태양광발전소전기사업허가정보,2024-10-08,generator_next\source\raw_csv\서울특별시_강동구_태양광발전소전기사업허가정보_20241008.csv,2026-02-25T02:22:52,ok
uid:aaec5783-7a59-4064-b0fe-bc71ea4420ba,aaec5783-7a59-4064-b0fe-bc71ea4420ba,상세보기 : 경기도_광명시_태양광발전소전기사업허가정보,2025-12-12,generator_next\source\raw_csv\경기도_광명시_태양광발전소전기사업허가정보_20251211.csv,2026-02-25T02:21:56,skipped:up_to_date
uid:aaf52095-22c1-4044-8b93-c4667e814c54,aaf52095-22c1-4044-8b93-c4667e814c54,상세보기 : 경상남도_남해군_태양광발전소전기사업허가정보,2025-11-25,generator_next\source\raw_csv\경상남도_남해군_태양광발전소전기사업허가정보_20251120.csv,2026-02-25T02:22:03,ok
uid:ae279308-70b0-4ee5-b67d-b7cf79836dda,ae279308-70b0-4ee5-b67d-b7cf79836dda,상세보기 : 경상북도_경산시_태양광발전소전기사업허가정보,2025-11-28,generator_next\source\raw_csv\경상북도_경산시_태양광발전소전기사업허가정보_20251119.csv,2026-02-25T02:22:02,skipped:up_to_date
uid:afa4c4cc-ce0e-46bd-be03-fb73445c3b78,afa4c4cc-ce0e-46bd-be03-fb73445c3b78,상세보기 : 전북특별자치도_진안군_태양광발전소전기사업허가정보,2025-03-14,generator_next\source\raw_csv\전북특별자치도_진안군_태양광발전소전기사업허가정보_20250311.csv,2026-02-25T02:22:41,skipped:up_to_date
uid:b006469e-27c8-48c8-a493-cff575ef1572,b006469e-27c8-48c8-a493-cff575ef1572,상세보기 : 충청남도_금산군_태양광발전소전기사업허가정보,2025-06-02,generator_next\source\raw_csv\충청남도_금산군_태양광발전소전기사업허가정보_20250411.csv,2026-02-25T02:22:36,skipped:up_to_date
uid:b11a00f6-d7bd-46d5-9da5-af9f71ec8360,b11a00f6-d7bd-46d5-9da5-af9f71ec8360,상세보기 : 전라남도_영광군_태양광발전소전기사업허가정보,2025-09-22,generator_next\source\raw_csv\전라남도_영광군_태양광발전소전기사업허가정보_20250919.csv,2026-02-25T02:22:21,skipped:up_to_date
uid:b40e92bb-0239-486f-a48d-fba8b9dc30fa,b40e92bb-0239-486f-a48d-fba8b9dc30fa,상세보기 : 전북특별자치도_부안군_태양광발전소전기사업허가정보,2025-11-06,generator_next\source\raw_csv\전북특별자치도_부안군_태양광발전소전기사업허가정보_20251103.csv,2026-02-25T02:22:14,ok
uid:b59f05fd-d8e2-4b43-876b-cc45e998627d,b59f05fd-d8e2-4b43-876b-cc45e998627d,상세보기 : 경기도_파주시_태양광발전소전기사업허가정보,2025-09-18,generator_next\source\raw_csv\경기도_파주시_태양광발전소전기사업허가정보_20250916.csv,2026-02-25T02:22:24,ok
uid:b8c60076-1e6f-45a4-ad3c-b9b38a4a5366,b8c60076-1e6f-45a4-ad3c-b9b38a4a5366,상세보기 : 경상북도_예천군_태양광발전소전기사업허가정보,2025-12-12,generator_next\source\raw_csv\경상북도_예천군_태양광발전소전기사업허가정보_20251209.csv,2026-02-25T02:21:56,ok
uid:b9cde4a6-b806-488c-9033-aedd2fc537b5,b9cde4a6-b806-488c-9033-aedd2fc537b5,상세보기 : 경상남도_합천군_태양광발전소전기사업허가정보,2025-12-03,generator_next\source\raw_csv\경상남도_합천군_태양광발전소전기사업허가정보_20251128.csv,2026-02-25T02:21:59,skipped:up_to_date
uid:ba77645f-93e7-4c63-a251-a2b7c6941da4,ba77645f-93e7-4c63-a251-a2b7c6941da4,상세보기 : 강원특별자치도_삼척시_태양광발전소전기사업허가정보,2025-12-15,generator_next\source\raw_csv\강원특별자치도_삼척시_태양광발전소전기사업허가정보_20251215.csv,2026-02-25T02:21:54,ok
uid:bc49fae7-fec8-44a6-b776-fd534a1b64fa,bc49fae7-fec8-44a6-b776-fd534a1b64fa,상세보기 : 경상북도_봉화군_태양광발전소전기사업허가정보,2024-10-11,generator_next\source\raw_csv\경상북도_봉화군_태양광발전소전기사업허가정보_20241011.csv,2026-02-25T02:22:49,ok
uid:bd069762-db20-46ba-96a8-fcd74796c716,bd069762-db20-46ba-96a8-fcd74796c716,상세보기 : 충청남도_논산시_태양광발전소전기사업허가정보,2026-01-12,generator_next\source\raw_csv\충청남도_논산시_태양광발전소전기사업허가정보_20251228.csv,2026-02-25T02:21:51,skipped:up_to_date
uid:bf21cd0e-fa17-40d7-acb6-be4fdc56809c,bf21cd0e-fa17-40d7-acb6-be4fdc56809c,상세보기 : 경상북도_울진군_태양광발전소전기사업허가정보,2024-09-04,generator_next\source\raw_csv\경상북도_울진군_태양광발전소전기사업허가정보_20240725.csv,2026-02-25T02:23:02,skipped:up_to_date
uid:c160bb99-4d4f-4149-89e9-dd6aed4b53fb,c160bb99-4d4f-4149-89e9-dd6aed4b53fb,상세보기 : 경기도_성남시_태양광발전소전기사업허가정보,2026-02-24,generator_next\source\raw_csv\경기도_성남시_태양광발전소전기사업허가정보_20260126.csv,2026-02-25T02:21:45,skipped:up_to_date
uid:c2b3e9d7-dbf7-4e1f-be6f-b60e60cceb51,c2b3e9d7-dbf7-4e1f-be6f-b60e60cceb51,상세보기 : 강원도_인제군_태양광발전소전기사업허가정보,2022-12-01,generator_next\source\raw_csv\강원도_인제군_태양광발전소전기사업허가정보_20221201.csv,2026-02-25T02:23:07,skipped:up_to_date
uid:c33b0628-b46b-4c02-b1bc-943ea5e8ddb0,c33b0628-b46b-4c02-b1bc-943ea5e8ddb0,상세보기 : 강원특별자치도_태백시_태양광발전소전기사업허가정보,2024-09-25,generator_next\source\raw_csv\강원특별자치도_태백시_태양광발전소전기사업허가정보_20240925.csv,2026-02-25T02:23:00,skipped:up_to_date
uid:c5b77ceb-303e-4029-9f3f-862671ee263a,c5b77ceb-303e-4029-9f3f-862671ee263a,상세보기 : 전북특별자치도_장수군_태양광발전소전기사업허가정보,2025-03-28,generator_next\source\raw_csv\전북특별자치도_장수군_태양광발전소전기사업허가정보_20250328.csv,2026-02-25T02:22:39,skipped:up_to_date
uid:c7130e3e-d4d4-4393-bc04-e6b430cda305,c7130e3e-d4d4-4393-bc04-e6b430cda305,상세보기 : 경상북도_문경시_태양광발전소전기사업허가정보,2026-01-08,generator_next\source\raw_csv\경상북도_문경시_태양광발전소전기사업허가정보_20251224.csv,2026-02-25T02:21:53,ok
uid:cba14ccd-d467-46d5-b906-86c5c78cb4b6,cba14ccd-d467-46d5-b906-86c5c78cb4b6,상세보기 : 경기도_가평군_태양광발전소전기사업허가정보,2025-05-23,generator_next\source\raw_csv\경기도_가평군_태양광발전소전기사업허가정보_20250521.csv,2026-02-25T02:22:37,ok
uid:cc819ffe-cdcb-4ddb-bb38-e2bd8f9e3968,cc819ffe-cdcb-4ddb-bb38-e2bd8f9e3968,상세보기 : 전라남도_화순군_태양광발전소전기사업허가정보,2025-09-25,generator_next\source\raw_csv\전라남도_화순군_태양광발전소전기사업허가정보_20250924.csv,2026-02-25T02:22:18,ok
uid:cc9cc14f-9b98-4e1f-813d-97b523a7eb2d,cc9cc14f-9b98-4e1f-813d-97b523a7eb2d,상세보기 : 경상남도_사천시_태양광발전소전기사업허가정보,2025-09-23,generator_next\source\raw_csv\경상남도_사천시_태양광발전소전기사업허가정보_20250920.csv,2026-02-25T02:22:19,skipped:up_to_date
uid:cd0ad2e0-5c71-4542-b742-c15f156ca4cc,cd0ad2e0-5c71-4542-b742-c15f156ca4cc,상세보기 : 강원특별자치도_동해시_태양광발전소전기사업허가정보,2025-11-18,generator_next\source\raw_csv\강원특별자치도_동해시_태양광발전소전기사업허가정보_20251117.csv,2026-02-25T02:22:09,ok
uid:cd69f271-8b0d-46f1-ba76-9133a4fee23b,cd69f271-8b0d-46f1-ba76-9133a4fee23b,상세보기 : 광주광역시_서구_태양광발전소전기사업허가정보,2025-11-18,generator_next\source\raw_csv\광주광역시_서구_태양광발전소전기사업허가정보_20251114.csv,2026-02-25T02:22:07,skipped:up_to_date
uid:ce09d111-78e9-4b10-a917-cc86bf15c3c2,ce09d111-78e9-4b10-a917-cc86bf15c3c2,상세보기 : 전라남도_보성군_태양광발전소전기사업허가정보,2025-11-05,generator_next\source\raw_csv\전라남도_보성군_태양광발전소전기사업허가정보_20251103.csv,2026-02-25T02:22:14,skipped:up_to_date
uid:cf8dabf4-7ac6-4888-a04e-ae7c5c6333a7,cf8dabf4-7ac6-4888-a04e-ae7c5c6333a7,상세보기 : 충청남도_계룡시_태양광발전소전기사업허가정보,2025-06-19,generator_next\source\raw_csv\충청남도_계룡시_태양광발전소전기사업허가정보_20250619.csv,2026-02-25T02:22:34,ok
uid:d0c6f21f-de43-4a77-96c3-cb681ce0a46a,d0c6f21f-de43-4a77-96c3-cb681ce0a46a,상세보기 : 경기도_의정부시_태양광발전소전기사업허가정보,2025-09-01,generator_next\source\raw_csv\경기도_의정부시_태양광발전소전기사업허가정보_20250731.csv,2026-02-25T02:22:27,skipped:up_to_date
uid:d16f3af7-1b4c-4492-ba4b-f84741e91b5a,d16f3af7-1b4c-4492-ba4b-f84741e91b5a,상세보기 : 경기도_안성시_태양광발전소전기사업허가정보,2025-12-02,generator_next\source\raw_csv\경기도_안성시_태양광발전소전기사업허가정보_20251125.csv,2026-02-25T02:22:02,ok
uid:d4d1b657-ff73-460b-9dad-fe56dc64e41b,d4d1b657-ff73-460b-9dad-fe56dc64e41b,상세보기 : 경상북도_성주군_태양광발전소전기사업허가정보,2024-09-24,generator_next\source\raw_csv\경상북도_성주군_태양광발전소전기사업허가정보_20240807.csv,2026-02-25T02:23:02,ok
uid:d6849514-1510-47a9-b0ba-9460f8120745,d6849514-1510-47a9-b0ba-9460f8120745,상세보기 : 경기도_하남시_태양광발전소전기사업허가정보,2026-01-12,generator_next\source\raw_csv\경기도_하남시_태양광발전소전기사업허가정보_20251203.csv,2026-02-25T02:21:51,ok
uid:d786c865-f1ce-4c5d-a2f5-e4b56fa63a50,d786c865-f1ce-4c5d-a2f5-e4b56fa63a50,상세보기 : 전라남도_함평군_태양광발전소전기사업허가정보,2025-12-04,generator_next\source\raw_csv\전라남도_함평군_태양광발전소전기사업허가정보_20251114.csv,2026-02-25T02:21:59,ok
uid:d79676d6-2109-4a86-a296-c6717bc5a56d,d79676d6-2109-4a86-a296-c6717bc5a56d,상세보기 : 충청북도_옥천군_태양광발전소전기사업허가정보,2025-09-25,generator_next\source\raw_csv\충청북도_옥천군_태양광발전소전기사업허가정보_20250924.csv,2026-02-25T02:22:16,skipped:up_to_date
uid:d93baa4d-7ebf-4a19-bb24-ea0379352315,d93baa4d-7ebf-4a19-bb24-ea0379352315,상세보기 : 경상북도_청송군_태양광발전소전기사업허가정보,2026-01-22,generator_next\source\raw_csv\경상북도_청송군_태양광발전소전기사업허가정보_20260101.csv,2026-02-25T02:21:48,skipped:up_to_date
uid:db0b9cfa-3847-47b4-bb1c-b4d264a4a227,db0b9cfa-3847-47b4-bb1c-b4d264a4a227,상세보기 : 전라남도_목포시_태양광발전소전기사업허가정보,2025-05-12,generator_next\source\raw_csv\전라남도_목포시_태양광발전소전기사업허가정보_20250508.csv,2026-02-25T02:22:38,skipped:up_to_date
uid:db0e4599-8172-41f1-a0a8-c7389126bcdf,db0e4599-8172-41f1-a0a8-c7389126bcdf,상세보기 : 경기도_태양광발전소전기사업허가정보,2025-11-20,generator_next\source\raw_csv\경기도_태양광발전소전기사업허가정보_20251118.csv,2026-02-25T02:22:06,skipped:up_to_date
uid:dc9b9851-a0ff-40bd-914c-b13268764d74,dc9b9851-a0ff-40bd-914c-b13268764d74,상세보기 : 강원특별자치도_양양군_태양광발전소전기사업허가정보,2024-12-12,generator_next\source\raw_csv\강원특별자치도_양양군_태양광발전소전기사업허가정보_20241126.csv,2026-02-25T02:22:47,ok
uid:dd1d75ef-19ce-4326-bff8-a2f5d48a6233,dd1d75ef-19ce-4326-bff8-a2f5d48a6233,상세보기 : 충청남도_홍성군_태양광발전소전기사업허가정보,2025-03-20,generator_next\source\raw_csv\충청남도_홍성군_태양광발전소전기사업허가정보_20250207.csv,2026-02-25T02:22:41,ok
uid:ddede997-351d-480b-9cb9-843d278b5de1,ddede997-351d-480b-9cb9-843d278b5de1,상세보기 : 경기도_과천시_태양광발전소전기사업허가정보,2025-09-25,generator_next\source\raw_csv\경기도_과천시_태양광발전소전기사업허가정보_20250924.csv,2026-02-25T02:22:18,skipped:up_to_date
uid:de437bc0-89f1-406e-a261-9dc9ac92f4b3,de437bc0-89f1-406e-a261-9dc9ac92f4b3,상세보기 : 충청북도_충주시_태양광발전소전기사업허가정보,2025-11-10,generator_next\source\raw_csv\충청북도_충주시_태양광발전소전기사업허가정보_20251031.csv,2026-02-25T02:22:13,skipped:up_to_date
uid:dee4530e-f7e3-43d8-9b52-af00a4abe39a,dee4530e-f7e3-43d8-9b52-af00a4abe39a,상세보기 : 경상남도_창원시_태양광발전소전기사업허가정보,2024-10-10,generator_next\source\raw_csv\경상남도_창원시_태양광발전소전기사업허가정보_20240927.csv,2026-02-25T02:22:51,skipped:up_to_date
uid:e038cd7f-3369-47ea-bde5-ba158d9868d5,e038cd7f-3369-47ea-bde5-ba158d9868d5,상세보기 : 충청북도_보은군_태양광발전소전기사업허가정보,2022-11-30,generator_next\source\raw_csv\충청북도_보은군_태양광발전소전기사업허가정보_20221130.csv,2026-02-25T02:23:08,ok
uid:e17e2d39-0b09-4bd3-aa7a-dd4d23de043e,e17e2d39-0b09-4bd3-aa7a-dd4d23de043e,상세보기 : 서울특별시_강서구_태양광발전소전기사업허가정보,2025-11-21,generator_next\source\raw_csv\서울특별시_강서구_태양광발전소전기사업허가정보_20251117.csv,2026-02-25T02:22:06,ok
uid:e1e19f03-f0d9-4588-bfb5-f80056030f35,e1e19f03-f0d9-4588-bfb5-f80056030f35,상세보기 : 경기도_안산시_태양광발전소전기사업허가정보,2025-06-11,generator_next\source\raw_csv\경기도_안산시_태양광발전소전기사업허가정보_20250610.csv,2026-02-25T02:22:36,ok
uid:e2e9f867-cb10-4c00-8906-8025a1d69048,e2e9f867-cb10-4c00-8906-8025a1d69048,상세보기 : 전북특별자치도_임실군_태양광발전소전기사업허가정보,2025-12-17,generator_next\source\raw_csv\전북특별자치도_임실군_태양광발전소전기사업허가정보_20251103.csv,2026-02-25T02:21:53,skipped:up_to_date
uid:e38cf867-7dc6-4c20-a9ea-cfe3948f9307,e38cf867-7dc6-4c20-a9ea-cfe3948f9307,상세보기 : 경상남도_거창군_태양광발전소전기사업허가정보,2025-12-02,generator_next\source\raw_csv\경상남도_거창군_태양광발전소전기사업허가정보_20251201.csv,2026-02-25T02:22:00,skipped:up_to_date
uid:e593a316-785a-4172-824e-cc82023bdb75,e593a316-785a-4172-824e-cc82023bdb75,상세보기 : 전라남도_진도군_태양광발전소전기사업허가정보,2025-09-19,generator_next\source\raw_csv\전라남도_진도군_태양광발전소전기사업허가정보_20250905.csv,2026-02-25T02:22:22,ok
uid:e7382a62-1c8c-477e-b793-a249277791b5,e7382a62-1c8c-477e-b793-a249277791b5,상세보기 : 경기도_광주시_태양광발전소전기사업허가정보,2025-09-03,generator_next\source\raw_csv\경기도_광주시_태양광발전소전기사업허가정보_20250820.csv,2026-02-25T02:22:27,ok
uid:ea06b96d-2acd-46b3-87cc-bb08dbef7a2f,ea06b96d-2acd-46b3-87cc-bb08dbef7a2f,상세보기 : 전라남도_장흥군_태양광발전소전기사업허가정보,2025-12-09,generator_next\source\raw_csv\전라남도_장흥군_태양광발전소전기사업허가정보_20251108.csv,2026-02-25T02:21:57,skipped:up_to_date
uid:f0d450b2-f93d-4b0b-ac4f-d3ebcd4f4190,f0d450b2-f93d-4b0b-ac4f-d3ebcd4f4190,상세보기 : 경기도_군포시_태양광발전소전기사업허가정보,2025-09-09,generator_next\source\raw_csv\경기도_군포시_태양광발전소전기사업허가정보_20250905.csv,2026-02-25T02:22:26,skipped:up_to_date
uid:f17302ee-9dbe-4ba5-9beb-f382e107053f,f17302ee-9dbe-4ba5-9beb-f382e107053f,상세보기 : 강원특별자치도_춘천시_태양광발전소전기사업허가정보,2025-08-01,generator_next\source\raw_csv\강원특별자치도_춘천시_태양광발전소전기사업허가정보_20250714.csv,2026-02-25T02:22:28,skipped:up_to_date
uid:f262c3c4-6b70-4cdf-9f34-e2f1f23125e1,f262c3c4-6b70-4cdf-9f34-e2f1f23125e1,상세보기 : 경상남도_하동군_태양광발전소전기사업허가정보,2024-01-12,generator_next\source\raw_csv\경상남도_하동군_태양광발전소전기사업허가정보_20231227.csv,2026-02-25T02:23:04,skipped:up_to_date
uid:f3de7bc8-63fd-4621-9dcd-c18b1d87b3a1,f3de7bc8-63fd-4621-9dcd-c18b1d87b3a1,상세보기 : 경기도_김포시_태양광발전소전기사업허가정보,2026-01-12,generator_next\source\raw_csv\경기도_김포시_태양광발전소전기사업허가정보_20260102.csv,2026-02-25T02:21:52,skipped:up_to_date
uid:f4ab6840-32a5-4518-b3e8-d7f123d2757a,f4ab6840-32a5-4518-b3e8-d7f123d2757a,상세보기 : 경기도_여주시_태양광발전소전기사업허가정보,2023-11-24,generator_next\source\raw_csv\경기도_여주시_태양광발전소전기사업허가정보_20231115.csv,2026-02-25T02:23:05,skipped:up_to_date
uid:f888848d-3c74-4b07-9c72-f3055ed8d3bd,f888848d-3c74-4b07-9c72-f3055ed8d3bd,상세보기 : 경상남도_진주시_태양광발전소전기사업허가정보,2026-02-11,generator_next\source\raw_csv\경상남도_진주시_태양광발전소전기사업허가정보_20260128.csv,2026-02-25T02:21:46,ok
uid:f8c7378a-1039-437a-bf3f-d403a53c45ab,f8c7378a-1039-437a-bf3f-d403a53c45ab,상세보기 : 충청남도_아산시_태양광발전소전기사업허가정보,2025-09-23,generator_next\source\raw_csv\충청남도_아산시_태양광발전소전기사업허가정보_20250916.csv,2026-02-25T02:22:21,ok
uid:f9a592a2-c4d0-4008-b7a6-faaea3f07d01,f9a592a2-c4d0-4008-b7a6-faaea3f07d01,상세보기 : 경기도_평택시_태양광발전소전기사업허가정보,2025-07-18,generator_next\source\raw_csv\경기도_평택시_태양광발전소전기사업허가정보_20250701.csv,2026-02-25T02:22:30,skipped:up_to_date
uid:fcb30f2e-8d6b-4507-aed1-e514d32814d5,fcb30f2e-8d6b-4507-aed1-e514d32814d5,상세보기 : 강원특별자치도_화천군_태양광발전소전기사업허가정보,2025-04-04,generator_next\source\raw_csv\강원특별자치도_화천군_태양광발전소전기사업허가정보_20250326.csv,2026-02-25T02:22:39,ok
